일자,시가,고가,저가,종가,MACD 기준선 매수,매수청산,매도,매도청산,
2023/02/27,0.68792,0.68792,0.66975,0.67406,0,0,0,0,
2023/02/21,0.69447,0.69447,0.67215,0.68137,0,0,0,0,
2023/02/13,0.69736,0.70375,0.6817,0.69158,0,0,0,0,
2023/02/06,0.7015,0.7019,0.68645,0.69322,0,0.69322,0.69322,0,
2023/01/30,0.69935,0.71685,0.69285,0.70365,0,0,0,0,
2023/01/23,0.69271,0.7155,0.69271,0.70599,0,0,0,0,
2023/01/17,0.68697,0.70785,0.68697,0.69845,0,0,0,0,
2023/01/09,0.67968,0.701,0.67968,0.69426,0,0,0,0,
2023/01/03,0.67614,0.6906,0.6706,0.68322,0,0,0,0,
2022/12/27,0.67381,0.68405,0.6729,0.67846,0.67846,0,0,0.67846,
2022/12/19,0.67541,0.67875,0.665,0.67221,0,0.67221,0.67221,0,
2022/12/12,0.67423,0.68955,0.6676,0.67659,0,0,0,0,
2022/12/05,0.67036,0.6855,0.6671,0.6781,0,0,0,0,
2022/11/28,0.66473,0.6858,0.66445,0.676,0,0,0,0,
2022/11/21,0.65939,0.67855,0.65905,0.67006,0,0,0,0,
2022/11/14,0.64843,0.68045,0.64843,0.67036,0,0,0,0,
2022/11/07,0.6401,0.6724,0.6394,0.65675,0,0,0,0,
2022/10/31,0.63804,0.6503,0.62805,0.64216,0.64216,0,0,0.64216,
2022/10/24,0.63513,0.65305,0.6281,0.64095,0,0,0,0,
2022/10/17,0.64014,0.64015,0.62145,0.63013,0,0,0,0,
2022/10/10,0.6512,0.6512,0.6181,0.62908,0,0,0,0,
2022/10/03,0.6596,0.6596,0.6365,0.6428,0,0,0,0,
2022/09/26,0.67248,0.67248,0.63715,0.64671,0,0,0,0,
2022/09/19,0.68179,0.68179,0.65205,0.66316,0,0,0,0,
2022/09/12,0.68523,0.69165,0.667,0.67835,0,0,0,0,
2022/09/06,0.69028,0.69028,0.6699,0.68019,0,0,0,0,
2022/08/29,0.69477,0.69575,0.6772,0.68579,0,0,0,0,
2022/08/22,0.69866,0.70105,0.68575,0.69089,0,0.69089,0.69089,0,
2022/08/15,0.69777,0.7128,0.6861,0.69955,0,0,0,0,
2022/08/08,0.69334,0.714,0.6902,0.70219,0,0,0,0,
2022/08/01,0.69093,0.70515,0.68735,0.69576,0,0,0,0,
2022/07/25,0.68574,0.7036,0.68574,0.69611,0.69611,0,0,0.69611,
2022/07/18,0.68429,0.6982,0.6793,0.68719,0,0,0,0,
2022/07/11,0.68857,0.68857,0.6686,0.68001,0,0,0,0,
2022/07/05,0.69367,0.69367,0.67655,0.68348,0,0,0,0,
2022/06/27,0.69971,0.69971,0.6767,0.68763,0,0,0,0,
2022/06/21,0.70567,0.70567,0.68735,0.69376,0,0,0,0,
2022/06/13,0.71366,0.71366,0.6855,0.69768,0,0.69768,0.69768,0,
2022/06/06,0.71347,0.72495,0.70375,0.71385,0,0,0,0,
2022/05/31,0.70695,0.7283,0.70695,0.71999,0,0,0,0,
2022/05/23,0.70324,0.71685,0.70324,0.71066,0.71066,0,0,0.71066,
2022/05/16,0.70873,0.70873,0.68745,0.69775,0,0,0,0,
2022/05/09,0.71982,0.71982,0.68315,0.69763,0,0,0,0,
2022/05/02,0.72825,0.72825,0.70355,0.7114,0,0,0,0,
2022/04/25,0.74015,0.74015,0.70595,0.71635,0,0,0,0,
2022/04/18,0.74654,0.74654,0.72395,0.73375,0,0.73375,0.73375,0,
2022/04/11,0.74833,0.75015,0.73985,0.74476,0,0,0,0,
2022/04/04,0.74486,0.7669,0.7434,0.75179,0,0,0,0,
2022/03/28,0.73871,0.7549,0.73871,0.75101,0,0,0,0,
2022/03/21,0.73051,0.7546,0.73051,0.74691,0,0,0,0,
2022/03/14,0.72802,0.7427,0.7174,0.733,0,0,0,0,
2022/03/07,0.72214,0.74415,0.72214,0.7339,0,0,0,0,
2022/02/28,0.7167,0.73815,0.7167,0.72759,0,0,0,0,
2022/02/22,0.71373,0.7285,0.70955,0.71966,0,0,0,0,
2022/02/14,0.71162,0.72285,0.7087,0.71584,0.71584,0,0,0.71584,
2022/02/07,0.71012,0.72495,0.70665,0.71313,0,0,0,0,
2022/01/31,0.71451,0.71695,0.6988,0.70573,0,0,0,0,
2022/01/24,0.72115,0.72115,0.6968,0.70788,0,0.70788,0.70788,0,
2022/01/18,0.72123,0.7278,0.71705,0.72106,0,0,0,0,
2022/01/10,0.72105,0.73155,0.715,0.72141,0,0,0,0,
2022/01/03,0.7205,0.7278,0.71305,0.7216,0,0,0,0,
2021/12/27,0.71613,0.7279,0.71613,0.72488,0,0,0,0,
2021/12/20,0.7143,0.7253,0.7084,0.71795,0.71795,0,0,0.71795,
2021/12/13,0.71298,0.7227,0.7093,0.71562,0,0,0,0,
2021/12/06,0.71698,0.7187,0.7001,0.70898,0,0,0,0,
2021/11/29,0.72676,0.72676,0.6993,0.70721,0,0,0,0,
2021/11/22,0.7348,0.7348,0.71125,0.71871,0,0,0,0,
2021/11/15,0.74048,0.74048,0.7227,0.72913,0,0,0,0,
2021/11/08,0.74498,0.74498,0.7277,0.73598,0,0.73598,0.73598,0,
2021/11/01,0.74468,0.75375,0.73605,0.74529,0,0,0,0,
2021/10/25,0.73895,0.7557,0.73895,0.75041,0,0,0,0,
2021/10/18,0.73249,0.7548,0.73249,0.74541,0,0,0,0,
2021/10/11,0.72831,0.7442,0.72831,0.73666,0.73666,0,0,0.73666,
2021/10/04,0.72794,0.734,0.7228,0.72869,0,0,0,0,
2021/09/27,0.73045,0.73135,0.71725,0.72542,0,0,0,0,
2021/09/20,0.73423,0.73423,0.7222,0.72666,0,0,0,0,
2021/09/13,0.73662,0.73785,0.7264,0.73185,0,0.73185,0.73185,0,
2021/09/06,0.73247,0.74685,0.73247,0.74076,0,0,0,0,
2021/08/30,0.72659,0.74785,0.72659,0.73835,0.73835,0,0,0.73835,
2021/08/23,0.73079,0.7317,0.71295,0.72237,0,0,0,0,
2021/08/16,0.73689,0.7374,0.71065,0.7247,0,0,0,0,
2021/08/09,0.73785,0.73905,0.73165,0.73593,0,0,0,0,
2021/08/02,0.73941,0.7428,0.73305,0.7363,0,0,0,0,
2021/07/26,0.74287,0.74287,0.7318,0.73594,0,0,0,0,
2021/07/19,0.74936,0.74936,0.7291,0.73639,0,0,0,0,
2021/07/12,0.75393,0.75393,0.7394,0.7448,0,0,0,0,
2021/07/06,0.75703,0.76015,0.74115,0.75082,0,0,0,0,
2021/06/28,0.76051,0.76051,0.74455,0.75355,0,0,0,0,
2021/06/21,0.76672,0.76672,0.7479,0.75429,0,0,0,0,
2021/06/14,0.77302,0.77302,0.74805,0.76043,0,0,0,0,
2021/06/07,0.77337,0.7776,0.76885,0.77268,0,0,0,0,
2021/06/01,0.77489,0.7775,0.76455,0.77185,0,0,0,0,
2021/05/24,0.77679,0.77965,0.76775,0.77299,0,0.77299,0.77299,0,
2021/05/17,0.77771,0.78145,0.7711,0.77587,0,0,0,0,
2021/05/10,0.77499,0.7892,0.76885,0.78043,0,0,0,0,
2021/05/03,0.77238,0.7864,0.7676,0.7776,0,0,0,0,
2021/04/26,0.77047,0.782,0.76975,0.77429,0,0,0,0,
2021/04/19,0.76601,0.78175,0.76601,0.77494,0,0,0,0,
2021/04/12,0.76435,0.7763,0.75865,0.76768,0.76768,0,0,0.76768,
2021/04/05,0.76606,0.7679,0.75895,0.76264,0,0,0,0,
2021/03/29,0.77095,0.77095,0.7534,0.76116,0,0,0,0,
2021/03/22,0.77507,0.7759,0.75655,0.76682,0,0.76682,0.76682,0,
2021/03/15,0.77348,0.78525,0.7702,0.77666,0.77666,0,0,0.77666,
2021/03/08,0.7751,0.78,0.7621,0.77187,0,0,0,0,
2021/03/01,0.77848,0.7839,0.76225,0.77171,0,0.77171,0.77171,0,
2021/02/22,0.77488,0.8008,0.7692,0.78207,0,0,0,0,
2021/02/16,0.76895,0.78785,0.76895,0.78081,0,0,0,0,
2021/02/08,0.76653,0.7773,0.76525,0.77138,0.77138,0,0,0.77138,
2021/02/01,0.76939,0.76939,0.75655,0.76367,0,0,0,0,
2021/01/25,0.77094,0.77665,0.75935,0.76784,0,0.76784,0.76784,0,
2021/01/19,0.77005,0.77855,0.7661,0.77184,0,0,0,0,
2021/01/11,0.76639,0.7808,0.76639,0.77371,0,0,0,0,
2021/01/04,0.75961,0.78245,0.75961,0.77317,0,0,0,0,
2020/12/28,0.7538,0.77465,0.7538,0.76543,0,0,0,0,
2020/12/21,0.74998,0.7615,0.7471,0.75762,0,0,0,0,
2020/12/14,0.74138,0.76475,0.74138,0.75858,0,0,0,0,
2020/12/07,0.73495,0.7572,0.73495,0.74781,0,0,0,0,
2020/11/30,0.72942,0.74505,0.72942,0.74049,0,0,0,0,
2020/11/23,0.7248,0.74005,0.7248,0.73404,0,0,0,0,
2020/11/16,0.72016,0.7341,0.72016,0.72945,0,0,0,0,
2020/11/09,0.71254,0.7342,0.71254,0.72777,0,0,0,0,
2020/11/02,0.71075,0.7291,0.6992,0.71432,0.71432,0,0,0.71432,
2020/10/26,0.71318,0.7159,0.7003,0.70832,0,0,0,0,
2020/10/19,0.71644,0.71644,0.7022,0.70993,0,0,0,0,
2020/10/12,0.7176,0.7237,0.7057,0.71527,0,0,0,0,
2020/10/05,0.71667,0.7245,0.7098,0.71852,0,0,0,0,
2020/09/28,0.72236,0.72236,0.7033,0.71098,0,0,0,0,
2020/09/21,0.72827,0.7326,0.7008,0.71645,0,0.71645,0.71645,0,
2020/09/14,0.72681,0.7347,0.7256,0.72972,0,0,0,0,
2020/09/08,0.72671,0.7325,0.7192,0.7269,0,0,0,0,
2020/08/31,0.72103,0.7414,0.72103,0.7324,0,0,0,0,
2020/08/24,0.71608,0.7368,0.715,0.72598,0,0,0,0,
2020/08/17,0.71346,0.7276,0.71346,0.7187,0,0,0,0,
2020/08/10,0.7112,0.719,0.7109,0.71572,0,0,0,0,
2020/08/03,0.70722,0.7244,0.70722,0.71518,0,0,0,0,
2020/07/27,0.70036,0.7229,0.70036,0.71408,0,0,0,0,
2020/07/20,0.69453,0.7185,0.69453,0.7062,0,0,0,0,
2020/07/13,0.69108,0.7039,0.69108,0.69798,0,0,0,0,
2020/07/06,0.68695,0.7002,0.68695,0.6952,0,0,0,0,
2020/06/29,0.68491,0.6953,0.6835,0.689,0,0,0,0,
2020/06/22,0.6829,0.6976,0.6812,0.68693,0,0,0,0,
2020/06/15,0.67997,0.6979,0.6777,0.68583,0,0,0,0,
2020/06/08,0.6679,0.7065,0.6679,0.69203,0,0,0,0,
2020/06/01,0.65346,0.7014,0.65346,0.68235,0,0,0,0,
2020/05/26,0.647,0.6684,0.647,0.65992,0,0,0,0,
2020/05/18,0.64467,0.6617,0.6413,0.64933,0,0,0,0,
2020/05/11,0.64161,0.6563,0.6403,0.64773,0,0,0,0,
2020/05/04,0.63684,0.6548,0.63684,0.64638,0,0,0,0,
2020/04/27,0.62979,0.6571,0.62979,0.6439,0,0,0,0,
2020/04/20,0.62436,0.6407,0.62436,0.63523,0,0,0,0,
2020/04/13,0.61311,0.6447,0.61311,0.6356,0,0,0,0,
2020/04/06,0.60955,0.6365,0.5993,0.61667,0.61667,0,0,0.61667,
2020/03/30,0.61018,0.6215,0.5983,0.60893,0,0,0,0,
2020/03/23,0.62288,0.62288,0.5701,0.59747,0,0,0,0,
2020/03/16,0.64923,0.64923,0.551,0.59652,0,0,0,0,
2020/03/09,0.65961,0.6686,0.6126,0.63885,0,0,0,0,
2020/03/02,0.66242,0.6658,0.6486,0.6568,0,0,0,0,
2020/02/24,0.67021,0.67021,0.6437,0.65463,0,0,0,0,
2020/02/18,0.67342,0.6737,0.6588,0.667,0,0,0,0,
2020/02/10,0.67641,0.67641,0.6671,0.67043,0,0,0,0,
2020/02/03,0.68245,0.68245,0.6666,0.67038,0,0,0,0,
2020/01/27,0.68898,0.68898,0.6688,0.67593,0,0,0,0,
2020/01/21,0.69208,0.69208,0.6823,0.68588,0,0,0,0,
2020/01/13,0.69368,0.6943,0.688,0.69047,0,0.69047,0.69047,0,
2020/01/06,0.69492,0.697,0.6859,0.69245,0,0,0,0,
2019/12/30,0.69099,0.7045,0.69099,0.69885,0,0,0,0,
2019/12/23,0.68642,0.7002,0.68642,0.69555,0,0,0,0,
2019/12/16,0.6834,0.6921,0.6834,0.68945,0,0,0,0,
2019/12/09,0.68068,0.6937,0.6801,0.68612,0.68612,0,0,0.68612,
2019/12/02,0.68048,0.6864,0.6764,0.68088,0,0,0,0,
2019/11/25,0.683,0.683,0.6756,0.67795,0,0,0,0,
2019/11/18,0.68518,0.68518,0.6784,0.68083,0,0,0,0,
2019/11/11,0.68716,0.68716,0.6775,0.6832,0,0.6832,0.6832,0,
2019/11/04,0.68511,0.6936,0.68511,0.6892,0,0,0,0,
2019/10/28,0.6826,0.6938,0.682,0.68763,0,0,0,0,
2019/10/21,0.68018,0.6893,0.68018,0.68503,0,0,0,0,
2019/10/14,0.67841,0.6868,0.6735,0.68195,0.68195,0,0,0.68195,
2019/10/07,0.6784,0.6824,0.6722,0.67842,0,0,0,0,
2019/09/30,0.68069,0.68069,0.6688,0.6761,0,0,0,0,
2019/09/23,0.68283,0.68283,0.6757,0.67855,0,0.67855,0.67855,0,
2019/09/16,0.68207,0.69,0.6778,0.6836,0,0,0,0,
2019/09/09,0.67754,0.6895,0.67754,0.6866,0.6866,0,0,0.6866,
2019/09/03,0.67686,0.6863,0.669,0.67822,0,0,0,0,
2019/08/26,0.67971,0.67971,0.6694,0.674,0,0,0,0,
2019/08/19,0.68213,0.68213,0.6741,0.6773,0,0,0,0,
2019/08/12,0.68553,0.68553,0.6743,0.67873,0,0,0,0,
2019/08/05,0.69311,0.69311,0.6685,0.67795,0,0,0,0,
2019/07/29,0.70059,0.70059,0.6772,0.68563,0,0,0,0,
2019/07/22,0.70219,0.7069,0.6913,0.699,0,0.699,0.699,0,
2019/07/15,0.69955,0.7094,0.69955,0.70483,0,0,0,0,
2019/07/08,0.69899,0.7039,0.6926,0.7001,0,0,0,0,
2019/07/01,0.69604,0.7064,0.69604,0.70195,0,0,0,0,
2019/06/24,0.69278,0.7041,0.69278,0.6993,0.6993,0,0,0.6993,
2019/06/17,0.69456,0.6956,0.6849,0.691,0,0,0,0,
2019/06/10,0.69569,0.7005,0.6862,0.69342,0,0.69342,0.69342,0,
2019/06/03,0.694,0.7024,0.6931,0.69737,0.69737,0,0,0.69737,
2019/05/28,0.69482,0.69482,0.6903,0.69317,0,0,0,0,
2019/05/20,0.69887,0.69887,0.6868,0.69078,0,0,0,0,
2019/05/13,0.70419,0.70419,0.6869,0.69355,0,0,0,0,
2019/05/06,0.70778,0.70778,0.697,0.7006,0,0,0,0,
2019/04/29,0.71206,0.71206,0.6991,0.7035,0,0,0,0,
2019/04/22,0.71507,0.7161,0.6997,0.70905,0,0.70905,0.70905,0,
2019/04/15,0.71279,0.7215,0.71279,0.71735,0,0,0,0,
2019/04/08,0.71055,0.7203,0.7098,0.71503,0,0,0,0,
2019/04/01,0.71012,0.7143,0.7063,0.71098,0,0,0,0,
2019/03/25,0.70946,0.7158,0.7072,0.71078,0,0,0,0,
2019/03/18,0.7081,0.7179,0.7067,0.71083,0.71083,0,0,0.71083,
2019/03/11,0.70995,0.70995,0.7027,0.70625,0,0,0,0,
2019/03/04,0.71338,0.71338,0.7004,0.70652,0,0,0,0,
2019/02/25,0.71428,0.7202,0.7071,0.71247,0,0,0,0,
2019/02/19,0.71455,0.721,0.7071,0.714,0,0,0,0,
2019/02/11,0.71795,0.71795,0.7058,0.71115,0,0.71115,0.71115,0,
2019/02/04,0.71898,0.7269,0.7064,0.71693,0,0,0,0,
2019/01/28,0.71584,0.73,0.7144,0.72213,0,0,0,0,
2019/01/22,0.71598,0.7192,0.7082,0.7157,0,0,0,0,
2019/01/14,0.71254,0.7232,0.71254,0.71942,0,0,0,0,
2019/01/07,0.70741,0.7242,0.70741,0.71767,0.71767,0,0,0.71767,
2018/12/31,0.7115,0.7132,0.6825,0.70332,0,0,0,0,
2018/12/24,0.71778,0.71778,0.7025,0.70522,0,0,0,0,
2018/12/17,0.72331,0.72331,0.7037,0.71225,0,0,0,0,
2018/12/10,0.72754,0.72754,0.7152,0.71908,0,0.71908,0.71908,0,
2018/12/03,0.72601,0.7396,0.7192,0.72908,0,0,0,0,
2018/11/26,0.72474,0.7347,0.7202,0.72728,0,0,0,0,
2018/11/19,0.7223,0.7329,0.7205,0.72718,0,0,0,0,
2018/11/12,0.71808,0.7341,0.7167,0.72652,0,0,0,0,
2018/11/05,0.71318,0.7306,0.71318,0.72298,0,0,0,0,
2018/10/29,0.71117,0.7262,0.7055,0.7152,0.7152,0,0,0.7152,
2018/10/22,0.71304,0.71304,0.7024,0.7093,0,0,0,0,
2018/10/15,0.7138,0.7164,0.7092,0.71227,0,0,0,0,
2018/10/08,0.7187,0.7187,0.7045,0.7089,0,0,0,0,
2018/10/01,0.723,0.7243,0.7047,0.7144,0,0.7144,0.7144,0,
2018/09/24,0.72047,0.7319,0.72047,0.72552,0.72552,0,0,0.72552,
2018/09/17,0.71862,0.7307,0.7145,0.72232,0,0,0,0,
2018/09/10,0.72261,0.7229,0.7085,0.71462,0,0,0,0,
2018/09/04,0.72937,0.72937,0.7098,0.71585,0,0,0,0,
2018/08/27,0.73242,0.7363,0.7176,0.72633,0,0,0,0,
2018/08/20,0.73324,0.7382,0.7239,0.7316,0,0,0,0,
2018/08/13,0.73816,0.73816,0.7203,0.72833,0,0,0,0,
2018/08/06,0.74065,0.7454,0.7281,0.73567,0,0,0,0,
2018/07/30,0.74125,0.7443,0.7349,0.74005,0,0,0,0,
2018/07/23,0.74107,0.7466,0.7361,0.74143,0,0,0,0,
2018/07/16,0.74213,0.7444,0.7318,0.74,0,0,0,0,
2018/07/09,0.74204,0.7484,0.7357,0.74223,0,0,0,0,
2018/07/02,0.74436,0.7445,0.7313,0.73972,0,0,0,0,
2018/06/25,0.74857,0.74857,0.7323,0.74015,0,0,0,0,
2018/06/18,0.75506,0.75506,0.7345,0.74208,0,0,0,0,
2018/06/11,0.75748,0.7624,0.7439,0.75262,0,0.75262,0.75262,0,
2018/06/04,0.75469,0.7678,0.75469,0.76028,0.76028,0,0,0.76028,
2018/05/29,0.75439,0.7593,0.7477,0.755,0,0,0,0,
2018/05/21,0.75388,0.7607,0.7504,0.7549,0,0,0,0,
2018/05/14,0.75608,0.7565,0.7448,0.75167,0,0,0,0,
2018/05/07,0.76058,0.76058,0.7413,0.75157,0,0,0,0,
2018/04/30,0.76682,0.76682,0.7473,0.75435,0,0,0,0,
2018/04/23,0.77209,0.77209,0.7532,0.76155,0,0.76155,0.76155,0,
2018/04/16,0.7716,0.7813,0.7656,0.77258,0.77258,0,0,0.77258,
2018/04/09,0.77079,0.7811,0.7653,0.7724,0,0,0,0,
2018/04/02,0.77314,0.77314,0.765,0.76845,0,0,0,0,
2018/03/26,0.77662,0.77662,0.7644,0.76965,0,0,0,0,
2018/03/19,0.78087,0.78087,0.7674,0.77238,0,0,0,0,
2018/03/12,0.78199,0.7917,0.7709,0.77975,0,0,0,0,
2018/03/05,0.78412,0.7855,0.7726,0.77985,0,0,0,0,
2018/02/26,0.78817,0.7893,0.7713,0.78007,0,0,0,0,
2018/02/20,0.78963,0.7934,0.779,0.7867,0,0,0,0,
2018/02/12,0.79225,0.7987,0.7772,0.78702,0,0,0,0,
2018/02/05,0.79952,0.79952,0.7757,0.78497,0,0.78497,0.78497,0,
2018/01/29,0.79723,0.8117,0.7915,0.8018,0,0,0,0,
2018/01/22,0.78929,0.8135,0.78929,0.80517,0,0,0,0,
2018/01/16,0.78221,0.8037,0.78221,0.79638,0,0,0,0,
2018/01/08,0.77685,0.7922,0.77685,0.78758,0,0,0,0,
2018/01/02,0.76997,0.7874,0.76997,0.78373,0,0,0,0,
2017/12/26,0.76333,0.7825,0.76333,0.7766,0,0,0,0,
2017/12/18,0.75879,0.772,0.75879,0.76787,0.76787,0,0,0.76787,
2017/12/11,0.75863,0.7694,0.7506,0.75895,0,0,0,0,
2017/12/04,0.76093,0.7653,0.7501,0.75633,0,0,0,0,
2017/11/27,0.76154,0.7643,0.755,0.76033,0,0,0,0,
2017/11/20,0.76473,0.76473,0.753,0.75835,0,0,0,0,
2017/11/13,0.76925,0.76925,0.7533,0.7602,0,0,0,0,
2017/11/06,0.7728,0.7728,0.7624,0.7657,0,0,0,0,
2017/10/30,0.7787,0.7787,0.7635,0.7669,0,0,0,0,
2017/10/23,0.78433,0.78433,0.7621,0.77307,0,0,0,0,
2017/10/16,0.78434,0.7884,0.7803,0.78433,0,0,0,0,
2017/10/09,0.78679,0.7891,0.774,0.7819,0,0,0,0,
2017/10/02,0.7938,0.7938,0.7725,0.77978,0,0,0,0,
2017/09/25,0.79904,0.79904,0.7792,0.78855,0,0.78855,0.78855,0,
2017/09/18,0.79954,0.8096,0.7899,0.79855,0,0,0,0,
2017/09/11,0.79732,0.806,0.7955,0.80175,0,0,0,0,
2017/09/05,0.79262,0.8125,0.79262,0.80202,0,0,0,0,
2017/08/28,0.79107,0.7997,0.787,0.79417,0,0,0,0,
2017/08/21,0.79024,0.7952,0.7865,0.7919,0,0,0,0,
2017/08/14,0.79083,0.796,0.7805,0.78965,0,0,0,0,
2017/08/07,0.79093,0.7951,0.7835,0.79073,0,0,0,0,
2017/07/31,0.78616,0.8038,0.78616,0.7957,0,0,0,0,
2017/07/24,0.77652,0.8061,0.77652,0.7958,0,0,0,0,
2017/07/17,0.76564,0.7985,0.76564,0.7874,0,0,0,0,
2017/07/10,0.76085,0.7828,0.758,0.77043,0,0,0,0,
2017/07/03,0.75867,0.7688,0.7562,0.76302,0,0,0,0,
2017/06/26,0.75499,0.7705,0.75499,0.76235,0,0,0,0,
2017/06/19,0.75199,0.762,0.75199,0.758,0,0,0,0,
2017/06/12,0.74608,0.7636,0.74608,0.7579,0,0,0,0,
2017/06/05,0.74355,0.7565,0.742,0.7486,0.7486,0,0,0.7486,
2017/05/30,0.7442,0.7473,0.737,0.7429,0,0.7429,0.7429,0,
2017/05/22,0.74293,0.7514,0.7419,0.74548,0.74548,0,0,0.74548,
2017/05/15,0.74373,0.7465,0.738,0.74213,0,0,0,0,
2017/05/08,0.74905,0.74905,0.7323,0.7384,0,0,0,0,
2017/05/01,0.75323,0.755,0.7362,0.74487,0,0,0,0,
2017/04/24,0.75523,0.7578,0.7433,0.75123,0,0,0,0,
2017/04/17,0.75604,0.7602,0.7482,0.75443,0,0,0,0,
2017/04/10,0.75924,0.75924,0.7464,0.75285,0,0,0,0,
2017/04/03,0.76292,0.763,0.7483,0.75555,0,0.75555,0.75555,0,
2017/03/27,0.76332,0.7669,0.7576,0.76253,0,0,0,0,
2017/03/20,0.76079,0.7737,0.7593,0.76585,0.76585,0,0,0.76585,
2017/03/13,0.76021,0.7706,0.7521,0.76138,0,0,0,0,
2017/03/06,0.76414,0.76414,0.7491,0.75628,0,0,0,0,
2017/02/27,0.7657,0.7705,0.7542,0.76258,0,0.76258,0.76258,0,
2017/02/21,0.76331,0.7738,0.76331,0.7681,0,0,0,0,
2017/02/13,0.76009,0.7731,0.76009,0.76653,0,0,0,0,
2017/02/06,0.75458,0.7684,0.75458,0.7656,0,0,0,0,
2017/01/30,0.74841,0.769,0.74841,0.76075,0,0,0,0,
2017/01/23,0.74179,0.7601,0.74179,0.75502,0,0,0,0,
2017/01/17,0.73214,0.758,0.73214,0.75145,0,0,0,0,
2017/01/09,0.72516,0.7508,0.72516,0.73913,0.73913,0,0,0.73913,
2017/01/03,0.72519,0.7346,0.718,0.72513,0,0,0,0,
2016/12/27,0.73148,0.73148,0.715,0.7189,0,0,0,0,
2016/12/19,0.7413,0.7413,0.7146,0.72165,0,0,0,0,
2016/12/12,0.74463,0.7524,0.7266,0.73798,0,0,0,0,
2016/12/05,0.74447,0.7507,0.7412,0.7448,0,0,0,0,
2016/11/28,0.74551,0.7495,0.7367,0.74343,0,0,0,0,
2016/11/21,0.75317,0.75317,0.7305,0.73785,0,0,0,0,
2016/11/14,0.76186,0.76186,0.7325,0.74448,0,0.74448,0.74448,0,
2016/11/07,0.76175,0.7771,0.7518,0.76197,0,0,0,0,
2016/10/31,0.76063,0.769,0.7574,0.76287,0,0,0,0,
2016/10/24,0.76061,0.7699,0.7547,0.76065,0,0,0,0,
2016/10/17,0.75887,0.7725,0.7569,0.76235,0.76235,0,0,0.76235,
2016/10/10,0.75991,0.7636,0.7494,0.75782,0,0.75782,0.75782,0,
2016/10/03,0.75894,0.7678,0.754,0.76087,0,0,0,0,
2016/09/26,0.75485,0.7696,0.75485,0.76302,0.76302,0,0,0.76302,
2016/09/19,0.75473,0.7658,0.7469,0.75497,0,0,0,0,
2016/09/12,0.75882,0.75882,0.7441,0.75065,0,0,0,0,
2016/09/06,0.75816,0.773,0.7531,0.75948,0,0,0,0,
2016/08/29,0.76094,0.7613,0.7487,0.75538,0,0.75538,0.75538,0,
2016/08/22,0.76224,0.7688,0.7547,0.75965,0,0,0,0,
2016/08/15,0.75945,0.7743,0.7593,0.76502,0,0,0,0,
2016/08/08,0.75453,0.7748,0.75453,0.76438,0,0,0,0,
2016/08/01,0.75101,0.7655,0.7466,0.75805,0,0,0,0,
2016/07/25,0.75094,0.7599,0.7407,0.75108,0,0,0,0,
2016/07/18,0.7508,0.759,0.7428,0.75108,0,0,0,0,
2016/07/11,0.74438,0.7661,0.74438,0.75723,0,0,0,0,
2016/07/05,0.74038,0.7555,0.7388,0.74838,0,0,0,0,
2016/06/27,0.73923,0.7483,0.7302,0.74152,0,0,0,0,
2016/06/20,0.73388,0.762,0.7283,0.74457,0,0,0,0,
2016/06/13,0.73289,0.7421,0.726,0.73487,0,0,0,0,
2016/06/06,0.72681,0.7504,0.72681,0.73898,0.73898,0,0,0.73898,
2016/05/31,0.72732,0.7367,0.7145,0.7263,0,0,0,0,
2016/05/23,0.7344,0.7344,0.714,0.72025,0,0,0,0,
2016/05/16,0.74409,0.74409,0.7169,0.7247,0,0,0,0,
2016/05/09,0.75671,0.75671,0.7246,0.73147,0,0,0,0,
2016/05/02,0.76392,0.7708,0.7328,0.7495,0,0.7495,0.7495,0,
2016/04/25,0.76379,0.775,0.7533,0.76405,0,0,0,0,
2016/04/18,0.75834,0.7818,0.75834,0.76925,0,0,0,0,
2016/04/11,0.75542,0.7717,0.7507,0.76125,0,0,0,0,
2016/04/04,0.75309,0.7655,0.747,0.75775,0,0,0,0,
2016/03/28,0.74856,0.7698,0.7466,0.75762,0,0,0,0,
2016/03/21,0.7438,0.7622,0.7438,0.75333,0,0,0,0,
2016/03/14,0.73444,0.7651,0.73444,0.75315,0,0,0,0,
2016/03/07,0.71971,0.7583,0.71971,0.74918,0,0,0,0,
2016/02/29,0.71212,0.7449,0.7104,0.7273,0,0,0,0,
2016/02/22,0.70861,0.7253,0.70861,0.71562,0,0,0,0,
2016/02/16,0.70525,0.7179,0.70525,0.71198,0,0,0,0,
2016/02/08,0.70392,0.7144,0.6962,0.70657,0,0,0,0,
2016/02/01,0.69966,0.7231,0.6989,0.70818,0.70818,0,0,0.70818,
2016/01/25,0.69755,0.7127,0.6903,0.70178,0,0,0,0,
2016/01/19,0.70335,0.70335,0.6811,0.69175,0,0,0,0,
2016/01/11,0.71683,0.71683,0.6809,0.68988,0,0,0,0,
2016/01/04,0.72275,0.7275,0.6929,0.7109,0,0.7109,0.7109,0,
2015/12/28,0.7195,0.7302,0.7195,0.726,0.726,0,0,0.726,
2015/12/21,0.7197,0.726,0.7125,0.7193,0,0,0,0,
2015/12/14,0.72382,0.725,0.7065,0.71557,0,0.71557,0.71557,0,
2015/12/07,0.72192,0.7337,0.717,0.72572,0,0,0,0,
2015/11/30,0.71704,0.7384,0.7165,0.7268,0,0,0,0,
2015/11/23,0.71314,0.7276,0.71314,0.72095,0,0,0,0,
2015/11/16,0.71033,0.7242,0.7055,0.71595,0.71595,0,0,0.71595,
2015/11/09,0.71341,0.7149,0.7003,0.70725,0,0,0,0,
2015/11/02,0.71789,0.7208,0.7009,0.70893,0,0,0,0,
2015/10/26,0.72042,0.7252,0.7052,0.71535,0,0.71535,0.71535,0,
2015/10/19,0.71872,0.7286,0.7163,0.72213,0,0,0,0,
2015/10/12,0.71019,0.7358,0.71019,0.72725,0,0,0,0,
2015/10/05,0.70353,0.732,0.7017,0.71685,0.71685,0,0,0.71685,
2015/09/28,0.70784,0.70784,0.6908,0.69922,0,0,0,0,
2015/09/21,0.71027,0.7165,0.6909,0.7054,0,0,0,0,
2015/09/14,0.70767,0.7246,0.703,0.71288,0,0,0,0,
2015/09/08,0.71527,0.71527,0.691,0.70008,0,0,0,0,
2015/08/31,0.72687,0.72687,0.6905,0.70368,0,0,0,0,
2015/08/24,0.73378,0.73378,0.7033,0.71995,0,0,0,0,
2015/08/17,0.73406,0.7379,0.7276,0.7335,0,0,0,0,
2015/08/10,0.73338,0.7426,0.7201,0.73475,0,0,0,0,
2015/08/03,0.7332,0.7413,0.7244,0.73355,0,0,0,0,
2015/07/27,0.73903,0.73903,0.7218,0.72737,0,0,0,0,
2015/07/20,0.74602,0.74602,0.724,0.73205,0,0,0,0,
2015/07/13,0.75348,0.75348,0.7326,0.73855,0,0,0,0,
2015/07/06,0.76446,0.76446,0.7345,0.7425,0,0,0,0,
2015/06/29,0.76958,0.7708,0.748,0.75935,0,0,0,0,
2015/06/22,0.7714,0.7762,0.7597,0.76775,0,0,0,0,
2015/06/15,0.77147,0.7814,0.7606,0.77133,0,0,0,0,
2015/06/08,0.7743,0.7793,0.7599,0.76865,0,0,0,0,
2015/06/01,0.78197,0.78197,0.7591,0.76663,0,0,0,0,
2015/05/26,0.79159,0.79159,0.7611,0.77235,0,0.77235,0.77235,0,
2015/05/18,0.79104,0.804,0.7801,0.79215,0,0,0,0,
2015/05/11,0.78314,0.8151,0.78314,0.79893,0,0,0,0,
2015/05/04,0.77884,0.8014,0.7765,0.78745,0,0,0,0,
2015/04/27,0.77188,0.8055,0.77188,0.7858,0,0,0,0,
2015/04/20,0.76716,0.7819,0.7659,0.7766,0.7766,0,0,0.7766,
2015/04/13,0.76582,0.7817,0.7526,0.7685,0,0,0,0,
2015/04/06,0.76861,0.7709,0.7548,0.76302,0,0,0,0,
2015/03/30,0.77344,0.77344,0.7504,0.76377,0,0.76377,0.76377,0,
2015/03/23,0.76955,0.7901,0.76955,0.77733,0.77733,0,0,0.77733,
2015/03/16,0.77213,0.7806,0.755,0.76697,0,0,0,0,
2015/03/09,0.77871,0.77871,0.7559,0.76555,0,0,0,0,
2015/03/02,0.7805,0.7856,0.7703,0.77692,0,0,0,0,
2015/02/23,0.77922,0.7905,0.7731,0.78178,0,0,0,0,
2015/02/17,0.77962,0.784,0.7729,0.77882,0,0,0,0,
2015/02/09,0.78536,0.78536,0.763,0.77387,0,0,0,0,
2015/02/02,0.79602,0.79602,0.7607,0.7747,0,0,0,0,
2015/01/26,0.80893,0.80893,0.7697,0.78312,0,0,0,0,
2015/01/20,0.81395,0.821,0.7854,0.8039,0,0.8039,0.8039,0,
2015/01/12,0.81108,0.8261,0.8032,0.81683,0.81683,0,0,0.81683,
2015/01/05,0.81318,0.817,0.7993,0.80898,0,0,0,0,
2014/12/29,0.81757,0.81757,0.8035,0.8088,0,0,0,0,
2014/12/22,0.82713,0.82713,0.8041,0.808,0,0,0,0,
2014/12/15,0.84019,0.84019,0.8054,0.81407,0,0,0,0,
2014/12/08,0.85207,0.85207,0.8214,0.8283,0,0,0,0,
2014/12/01,0.86317,0.86317,0.8311,0.84098,0,0,0,0,
2014/11/24,0.86857,0.8687,0.8469,0.85777,0,0,0,0,
2014/11/17,0.86894,0.8778,0.8552,0.8682,0,0,0,0,
2014/11/10,0.87064,0.8758,0.857,0.86725,0,0,0,0,
2014/11/03,0.87615,0.87615,0.852,0.86513,0,0.86513,0.86513,0,
2014/10/27,0.87353,0.8882,0.8728,0.87877,0.87877,0,0,0.87877,
2014/10/20,0.87266,0.8798,0.8688,0.8744,0,0,0,0,
2014/10/13,0.87524,0.8822,0.8613,0.87008,0,0,0,0,
2014/10/06,0.8813,0.8858,0.861,0.86918,0,0,0,0,
2014/09/29,0.89473,0.89473,0.8598,0.86787,0,0,0,0,
2014/09/22,0.90992,0.90992,0.8698,0.87955,0,0,0,0,
2014/09/15,0.92591,0.92591,0.8866,0.89392,0,0,0,0,
2014/09/08,0.93177,0.937,0.903,0.92005,0,0.92005,0.92005,0,
2014/09/02,0.92999,0.9398,0.9255,0.93355,0,0,0,0,
2014/08/25,0.92898,0.9364,0.9258,0.931,0.931,0,0,0.931,
2014/08/18,0.92912,0.9327,0.9221,0.92883,0,0,0,0,
2014/08/11,0.93073,0.9316,0.9226,0.92753,0,0,0,0,
2014/08/04,0.93393,0.935,0.9216,0.92753,0,0,0,0,
2014/07/28,0.93575,0.9386,0.9248,0.9321,0,0.9321,0.9321,0,
2014/07/21,0.9343,0.9438,0.9325,0.9372,0.9372,0,0,0.9372,
2014/07/14,0.93443,0.9375,0.9289,0.93417,0,0.93417,0.93417,0,
2014/07/07,0.93449,0.9417,0.9296,0.93437,0,0,0,0,
2014/06/30,0.93382,0.9454,0.927,0.93515,0,0,0,0,
2014/06/23,0.933,0.9391,0.93,0.93465,0,0,0,0,
2014/06/16,0.93324,0.9374,0.9261,0.93275,0,0,0,0,
2014/06/09,0.92898,0.9437,0.92898,0.9375,0,0,0,0,
2014/06/02,0.92768,0.9355,0.9221,0.93027,0.93027,0,0,0.93027,
2014/05/27,0.92944,0.932,0.92,0.92593,0,0,0,0,
2014/05/19,0.93101,0.9351,0.9192,0.92788,0,0.92788,0.92788,0,
2014/05/12,0.92762,0.9388,0.92762,0.9344,0,0,0,0,
2014/05/05,0.92566,0.9371,0.9226,0.92958,0.92958,0,0,0.92958,
2014/04/28,0.92753,0.9286,0.9175,0.9238,0,0.9238,0.9238,0,
2014/04/21,0.92758,0.9344,0.9221,0.92748,0,0,0,0,
2014/04/14,0.9223,0.9385,0.9223,0.93285,0,0,0,0,
2014/04/07,0.91395,0.9419,0.91395,0.93065,0,0,0,0,
2014/03/31,0.90626,0.9262,0.90626,0.92165,0,0,0,0,
2014/03/24,0.90021,0.9247,0.8996,0.9123,0,0,0,0,
2014/03/17,0.8997,0.9084,0.8943,0.90073,0,0,0,0,
2014/03/10,0.89703,0.9102,0.892,0.90238,0,0,0,0,
2014/03/03,0.89461,0.9134,0.8882,0.89945,0,0,0,0,
2014/02/24,0.894,0.9037,0.8894,0.89523,0,0,0,0,
2014/02/18,0.8885,0.9065,0.8885,0.8995,0,0,0,0,
2014/02/10,0.87988,0.9048,0.87988,0.89712,0,0,0,0,
2014/02/03,0.8758,0.8978,0.8705,0.88395,0.88395,0,0,0.88395,
2014/01/27,0.88071,0.88071,0.8649,0.8709,0,0,0,0,
2014/01/21,0.88857,0.88857,0.8632,0.87285,0,0,0,0,
2014/01/13,0.89046,0.9049,0.873,0.88667,0,0,0,0,
2014/01/06,0.8895,0.8967,0.8827,0.89143,0,0,0,0,
2013/12/30,0.8917,0.8964,0.8789,0.8873,0,0,0,0,
2013/12/23,0.89789,0.89789,0.8816,0.8855,0,0,0,0,
2013/12/16,0.9096,0.9096,0.8767,0.88618,0,0,0,0,
2013/12/09,0.91561,0.9164,0.8909,0.9036,0,0,0,0,
2013/12/02,0.92256,0.92256,0.8983,0.90865,0,0,0,0,
2013/11/25,0.93302,0.93302,0.9045,0.9121,0,0,0,0,
2013/11/18,0.93925,0.9432,0.913,0.9268,0,0,0,0,
2013/11/11,0.9455,0.9455,0.9247,0.933,0,0,0,0,
2013/11/04,0.95057,0.9518,0.9329,0.94042,0,0.94042,0.94042,0,
2013/10/28,0.95231,0.9592,0.9395,0.94883,0,0,0,0,
2013/10/21,0.94342,0.9725,0.94342,0.9612,0,0,0,0,
2013/10/14,0.93515,0.9649,0.93515,0.9517,0,0,0,0,
2013/10/07,0.9301,0.9446,0.9301,0.9402,0,0,0,0,
2013/09/30,0.92768,0.9415,0.9235,0.93253,0,0,0,0,
2013/09/23,0.92396,0.9406,0.92396,0.9314,0,0,0,0,
2013/09/16,0.91419,0.9476,0.91419,0.93373,0,0,0,0,
2013/09/09,0.90433,0.9353,0.90433,0.92405,0.92405,0,0,0.92405,
2013/09/03,0.90273,0.9213,0.8916,0.90592,0,0,0,0,
2013/08/26,0.90931,0.90931,0.8881,0.89615,0,0,0,0,
2013/08/19,0.91045,0.9217,0.8918,0.90817,0,0.90817,0.90817,0,
2013/08/12,0.90636,0.92,0.9039,0.91455,0.91455,0,0,0.91455,
2013/08/05,0.91029,0.9194,0.8823,0.90243,0,0,0,0,
2013/07/29,0.91531,0.9256,0.8844,0.90528,0,0.90528,0.90528,0,
2013/07/22,0.91187,0.9284,0.9096,0.91875,0.91875,0,0,0.91875,
2013/07/15,0.91259,0.9253,0.8996,0.91115,0,0,0,0,
2013/07/08,0.91913,0.9263,0.8957,0.90605,0,0,0,0,
2013/07/01,0.93093,0.93093,0.8987,0.90733,0,0,0,0,
2013/06/24,0.94597,0.94597,0.9062,0.9159,0,0,0,0,
2013/06/17,0.95737,0.9579,0.9105,0.93458,0,0,0,0,
2013/06/10,0.96511,0.9658,0.9321,0.94963,0,0,0,0,
2013/06/03,0.97284,0.9782,0.9423,0.95737,0,0,0,0,
2013/05/28,0.98569,0.98569,0.9515,0.96,0,0,0,0,
2013/05/20,1.00224,1.00224,0.9578,0.96913,0,0,0,0,
2013/05/13,1.02006,1.02006,0.9691,0.98442,0,0,0,0,
2013/05/06,1.02833,1.02833,0.9935,1.0118,0,0,0,0,
2013/04/29,1.02993,1.035,1.0189,1.02673,0,0,0,0,
2013/04/22,1.03598,1.03598,1.0179,1.02388,0,0,0,0,
2013/04/15,1.03734,1.0474,1.0224,1.03462,0,1.03462,1.03462,0,
2013/04/08,1.03475,1.0531,1.0294,1.03993,0,0,0,0,
2013/04/01,1.03397,1.0438,1.0298,1.03553,0,0,0,0,
2013/03/25,1.03029,1.0432,1.03029,1.03765,0,0,0,0,
2013/03/18,1.02723,1.0394,1.02723,1.03335,0,0,0,0,
2013/03/11,1.02363,1.0417,1.0199,1.03083,1.03083,0,0,1.03083,
2013/03/04,1.02689,1.0293,1.0104,1.02038,0,0,0,0,
2013/02/25,1.03028,1.0312,1.0168,1.0235,0,0,0,0,
2013/02/19,1.03251,1.0348,1.0204,1.02805,0,0,0,0,
2013/02/11,1.03735,1.03735,1.02,1.02767,0,0,0,0,
2013/02/04,1.04124,1.0435,1.0227,1.03345,0,0,0,0,
2013/01/28,1.04439,1.04439,1.0327,1.0381,0,1.0381,1.0381,0,
2013/01/22,1.04543,1.0535,1.0365,1.04335,0,0,0,0,
2013/01/14,1.04283,1.0532,1.04283,1.04803,0,0,0,0,
2013/01/07,1.03818,1.0547,1.03818,1.04747,1.04747,0,0,1.04747,
2012/12/31,1.03838,1.0472,1.0307,1.03798,0,0,0,0,
2012/12/24,1.04452,1.04452,1.0281,1.03225,0,0,0,0,
2012/12/17,1.04704,1.052,1.033,1.042,0,1.042,1.042,0,
2012/12/10,1.04206,1.0582,1.04206,1.05203,0,0,0,0,
2012/12/03,1.03941,1.0508,1.0382,1.0447,0,0,0,0,
2012/11/26,1.036,1.0473,1.036,1.04282,0,0,0,0,
2012/11/19,1.03333,1.0456,1.0316,1.03868,0,0,0,0,
2012/11/12,1.0324,1.0432,1.0263,1.03425,0,0,0,0,
2012/11/05,1.02935,1.0446,1.02935,1.03545,0,0,0,0,
2012/10/29,1.02607,1.0384,1.02607,1.03262,0,0,0,0,
2012/10/22,1.0235,1.0355,1.0191,1.02865,1.02865,0,0,1.02865,
2012/10/15,1.02212,1.0363,1.015,1.02488,0,0,0,0,
2012/10/08,1.02896,1.02896,1.0089,1.01527,0,0,0,0,
2012/10/01,1.03705,1.03705,1.0092,1.02088,0,0,0,0,
2012/09/24,1.04055,1.0406,1.0256,1.03355,0,1.03355,1.03355,0,
2012/09/17,1.04076,1.0474,1.029,1.04035,0,0,0,0,
2012/09/10,1.03476,1.0625,1.0318,1.04675,1.04675,0,0,1.04675,
2012/09/04,1.03907,1.0393,1.0155,1.03045,0,0,0,0,
2012/08/27,1.04354,1.04354,1.0262,1.0346,0,0,0,0,
2012/08/20,1.04531,1.0523,1.0354,1.04177,0,1.04177,1.04177,0,
2012/08/13,1.04454,1.054,1.0383,1.04608,0,0,0,0,
2012/08/06,1.03632,1.0578,1.03632,1.05275,0,0,0,0,
2012/07/30,1.02552,1.0541,1.02552,1.04713,0,0,0,0,
2012/07/23,1.01859,1.044,1.0125,1.03245,0,0,0,0,
2012/07/16,1.01128,1.0389,1.01128,1.0259,0,0,0,0,
2012/07/09,1.00912,1.0217,1.004,1.01345,0,0,0,0,
2012/07/02,1.00111,1.0261,1.00111,1.01713,0,0,0,0,
2012/06/25,0.99661,1.0185,0.9894,1.0056,0,0,0,0,
2012/06/18,0.9904,1.0142,0.9904,1.00283,0,0,0,0,
2012/06/11,0.98083,1.009,0.98083,0.99997,0.99997,0,0,0.99997,
2012/06/04,0.98166,0.9995,0.9616,0.98,0,0,0,0,
2012/05/29,0.99085,0.99085,0.9564,0.97247,0,0,0,0,
2012/05/21,1.00305,1.00305,0.9666,0.97865,0,0,0,0,
2012/05/14,1.01803,1.01803,0.9766,0.98808,0,0,0,0,
2012/05/07,1.02939,1.02939,0.998,1.00668,0,0,0,0,
2012/04/30,1.03167,1.0417,1.0125,1.0271,0,1.0271,1.0271,0,
2012/04/23,1.03012,1.0422,1.0182,1.03323,1.03323,0,0,1.03323,
2012/04/16,1.03064,1.0348,1.0235,1.0296,0,0,0,0,
2012/04/09,1.03488,1.038,1.015,1.0264,0,0,0,0,
2012/04/02,1.04149,1.04149,1.0163,1.02828,0,0,0,0,
2012/03/26,1.0501,1.0501,1.0214,1.03288,0,0,0,0,
2012/03/19,1.05982,1.05982,1.0236,1.04038,0,0,0,0,
2012/03/12,1.06562,1.06562,1.042,1.05403,0,0,0,0,
2012/03/05,1.06886,1.0723,1.0495,1.06238,0,1.06238,1.06238,0,
2012/02/27,1.0662,1.0833,1.0625,1.07153,0,0,0,0,
2012/02/21,1.06329,1.0783,1.0569,1.0691,0,0,0,0,
2012/02/13,1.05894,1.0764,1.0588,1.06765,0,0,0,0,
2012/02/06,1.04984,1.0795,1.04984,1.06803,0,0,0,0,
2012/01/30,1.03657,1.0744,1.03657,1.06313,0,0,0,0,
2012/01/23,1.02336,1.0628,1.02336,1.04977,0,0,0,0,
2012/01/16,1.01578,1.0425,1.01578,1.03093,0,0,0,0,
2012/01/09,1.01359,1.0305,1.0065,1.01798,0,0,0,0,
2012/01/03,1.00574,1.035,1.00574,1.02145,0,0,0,0,
2011/12/27,1.00197,1.0183,0.9957,1.0095,1.0095,0,0,1.0095,
2011/12/19,1.00805,1.0119,0.9783,0.9959,0,0,0,0,
2011/12/12,1.01112,1.0201,0.9858,1.00498,0,1.00498,1.00498,0,
2011/12/05,1.00144,1.037,1.00144,1.0208,1.0208,0,0,1.0208,
2011/11/28,1.00085,1.0315,0.9775,1.00202,0,0,0,0,
2011/11/21,1.02072,1.02072,0.9633,0.98098,0,0,0,0,
2011/11/14,1.02973,1.0299,0.993,1.0117,0,1.0117,1.0117,0,
2011/11/07,1.03481,1.0378,1.0008,1.02465,0,0,0,0,
2011/10/31,1.02484,1.0651,1.015,1.04478,0,0,0,0,
2011/10/24,1.00406,1.0687,1.00406,1.04563,0,0,0,0,
2011/10/17,0.98643,1.0314,0.98643,1.0217,0,0,0,0,
2011/10/10,0.97588,1.027,0.9671,0.99697,0.99697,0,0,0.99697,
2011/10/03,0.99211,0.99211,0.9302,0.95965,0,0,0,0,
2011/09/26,1.01652,1.01652,0.9524,0.9677,0,0,0,0,
2011/09/19,1.04314,1.04314,0.957,0.9899,0,0,0,0,
2011/09/12,1.05136,1.05136,1.0172,1.03493,0,1.03493,1.03493,0,
2011/09/06,1.05211,1.0649,1.041,1.0506,0,0,0,0,
2011/08/29,1.04335,1.0745,1.04335,1.06088,1.06088,0,0,1.06088,
2011/08/22,1.04249,1.0564,1.0324,1.0442,0,0,0,0,
2011/08/15,1.04717,1.0557,1.0276,1.03783,0,0,0,0,
2011/08/08,1.06991,1.06991,0.9871,1.02442,0,1.02442,1.02442,0,
2011/08/01,1.07346,1.0996,1.0319,1.06635,0,0,0,0,
2011/07/25,1.06123,1.1005,1.06123,1.0857,0,0,0,0,
2011/07/18,1.0571,1.0796,1.0477,1.06535,0,0,0,0,
2011/07/11,1.05651,1.0699,1.0435,1.0577,0,0,0,0,
2011/07/05,1.04994,1.0693,1.04994,1.06308,1.06308,0,0,1.06308,
2011/06/27,1.04938,1.0685,1.0281,1.0505,0,0,0,0,
2011/06/20,1.05527,1.05527,1.0341,1.0435,0,0,0,0,
2011/06/13,1.06456,1.06456,1.0355,1.04598,0,1.04598,1.04598,0,
2011/06/06,1.06484,1.0759,1.0526,1.06428,0,0,0,0,
2011/05/31,1.06141,1.0765,1.0575,1.06828,1.06828,0,0,1.06828,
2011/05/23,1.06219,1.0699,1.0414,1.06062,0,0,0,0,
2011/05/16,1.06565,1.0682,1.0468,1.05872,0,1.05872,1.05872,0,
2011/05/09,1.06811,1.0844,1.0479,1.0632,0,0,0,0,
2011/05/02,1.06174,1.0954,1.0487,1.07448,0,0,0,0,
2011/04/25,1.04505,1.092,1.04505,1.07843,0,0,0,0,
2011/04/18,1.03405,1.071,1.03405,1.05605,0,0,0,0,
2011/04/11,1.02369,1.0504,1.02369,1.0444,0,0,0,0,
2011/04/04,1.01143,1.05,1.01143,1.03595,0,0,0,0,
2011/03/28,1.00136,1.0306,1.00136,1.0215,1.0215,0,0,1.0215,
2011/03/21,1.00127,1.0195,0.9849,1.00145,0,0,0,0,
2011/03/14,1.00961,1.0128,0.9606,0.99292,0,0.99292,0.99292,0,
2011/03/07,1.00857,1.0176,0.9968,1.01065,0,0,0,0,
2011/02/28,1.00438,1.0188,1.00438,1.01275,0,0,0,0,
2011/02/22,1.00072,1.0164,0.9942,1.00805,0,0,0,0,
2011/02/14,0.99821,1.013,0.9911,1.00323,0,0,0,0,
2011/02/07,0.99265,1.0147,0.9925,1.00378,0,0,0,0,
2011/01/31,0.98777,1.0156,0.9812,0.99753,0.99753,0,0,0.99753,
2011/01/24,0.98856,0.9963,0.9804,0.98698,0,0,0,0,
2011/01/18,0.99023,1.0009,0.9769,0.9869,0,0,0,0,
2011/01/10,0.996,0.996,0.9736,0.98445,0,0.98445,0.98445,0,
2011/01/03,0.99273,1.0137,0.9828,0.99928,0,0,0,0,
2010/12/27,0.98423,1.0168,0.98423,1.00123,0,0,0,0,
2010/12/20,0.98222,0.9971,0.976,0.98625,0,0,0,0,
2010/12/13,0.98231,0.994,0.9725,0.98213,0,0,0,0,
2010/12/06,0.97782,0.996,0.9746,0.9868,0.9868,0,0,0.9868,
2010/11/29,0.98049,0.9931,0.9521,0.97515,0,0,0,0,
2010/11/22,0.98578,0.9929,0.9594,0.9752,0,0,0,0,
2010/11/15,0.99039,0.99039,0.9691,0.98118,0,0.98118,0.98118,0,
2010/11/08,0.98474,1.0133,0.9789,0.99605,0,0,0,0,
2010/11/01,0.97442,1.0137,0.97442,0.99505,0,0,0,0,
2010/10/25,0.9727,0.9916,0.9595,0.97615,0,0,0,0,
2010/10/18,0.96872,0.99,0.9597,0.97667,0,0,0,0,
2010/10/11,0.95572,0.9936,0.95572,0.98172,0,0,0,0,
2010/10/04,0.94308,0.9841,0.94308,0.96835,0,0,0,0,
2010/09/27,0.92904,0.9667,0.92904,0.95713,0,0,0,0,
2010/09/20,0.91895,0.9524,0.91895,0.93912,0,0,0,0,
2010/09/13,0.9089,0.9375,0.9089,0.929,0,0,0,0,
2010/09/07,0.89818,0.9275,0.89818,0.91963,0,0,0,0,
2010/08/30,0.89203,0.9167,0.8847,0.90433,0.90433,0,0,0.90433,
2010/08/23,0.89521,0.8985,0.8743,0.88885,0,0,0,0,
2010/08/16,0.89873,0.9052,0.8818,0.8917,0,0.8917,0.8917,0,
2010/08/09,0.89488,0.9169,0.8883,0.90258,0,0,0,0,
2010/08/02,0.88116,0.9183,0.88116,0.9086,0,0,0,0,
2010/07/26,0.86796,0.9023,0.86796,0.89435,0,0,0,0,
2010/07/19,0.86053,0.8918,0.8576,0.8754,0,0,0,0,
2010/07/12,0.85143,0.8808,0.85143,0.86962,0.86962,0,0,0.86962,
2010/07/06,0.85294,0.8725,0.825,0.84993,0,0.84993,0.84993,0,
2010/06/28,0.85673,0.87,0.8247,0.84915,0,0,0,0,
2010/06/21,0.84658,0.8772,0.84658,0.86687,0,0,0,0,
2010/06/14,0.83839,0.8646,0.83839,0.85477,0.85477,0,0,0.85477,
2010/06/07,0.84417,0.8509,0.8083,0.8326,0,0,0,0,
2010/06/01,0.85389,0.85389,0.8203,0.83445,0,0,0,0,
2010/05/24,0.87474,0.87474,0.8049,0.83305,0,0,0,0,
2010/05/17,0.90045,0.90045,0.8065,0.84903,0,0,0,0,
2010/05/10,0.90986,0.90986,0.882,0.89105,0,0,0,0,
2010/05/03,0.91914,0.9231,0.8758,0.90058,0,0.90058,0.90058,0,
2010/04/26,0.91836,0.928,0.9101,0.91992,0,0,0,0,
2010/04/19,0.91822,0.9282,0.91,0.9185,0,0,0,0,
2010/04/12,0.91183,0.933,0.91183,0.9246,0,0,0,0,
2010/04/05,0.90489,0.928,0.90489,0.91878,0,0,0,0,
2010/03/29,0.90488,0.9147,0.8958,0.9049,0,0,0,0,
2010/03/22,0.90685,0.9116,0.8924,0.9029,0,0,0,0,
2010/03/15,0.90216,0.9174,0.90216,0.91155,0,0,0,0,
2010/03/08,0.89471,0.9188,0.89471,0.9096,0,0,0,0,
2010/03/01,0.88795,0.9087,0.88795,0.90148,0,0,0,0,
2010/02/22,0.88143,0.9053,0.8787,0.89448,0.89448,0,0,0.89448,
2010/02/16,0.87992,0.9013,0.8651,0.88292,0,0,0,0,
2010/02/08,0.8848,0.8895,0.8598,0.87505,0,0,0,0,
2010/02/01,0.89877,0.89877,0.8547,0.87082,0,0,0,0,
2010/01/25,0.90724,0.90724,0.8793,0.8903,0,0.8903,0.8903,0,
2010/01/18,0.90766,0.9225,0.8935,0.90682,0,0,0,0,
2010/01/11,0.89585,0.9275,0.89585,0.91948,0,0,0,0,
2010/01/04,0.88701,0.9204,0.88701,0.9047,0.9047,0,0,0.9047,
2009/12/28,0.88957,0.8948,0.8756,0.88445,0,0,0,0,
2009/12/21,0.90273,0.90273,0.8665,0.8764,0,0,0,0,
2009/12/14,0.91351,0.91351,0.8731,0.89195,0,0,0,0,
2009/12/07,0.91497,0.9197,0.9009,0.91205,0,0.91205,0.91205,0,
2009/11/30,0.9139,0.9315,0.9083,0.91605,0.91605,0,0,0.91605,
2009/11/23,0.91794,0.9309,0.8933,0.90985,0,0.90985,0.90985,0,
2009/11/16,0.91421,0.9382,0.9041,0.92168,0,0,0,0,
2009/11/09,0.90368,0.9344,0.90368,0.92475,0,0,0,0,
2009/11/02,0.90431,0.9168,0.8882,0.90305,0,0,0,0,
2009/10/26,0.90199,0.9234,0.8904,0.90663,0,0,0,0,
2009/10/19,0.88855,0.9282,0.88855,0.91543,0,0,0,0,
2009/10/12,0.87057,0.9221,0.87057,0.90653,0,0,0,0,
2009/10/05,0.86039,0.9039,0.8597,0.88075,0,0,0,0,
2009/09/28,0.85762,0.8808,0.85,0.86315,0,0,0,0,
2009/09/21,0.85297,0.8734,0.85297,0.86228,0,0,0,0,
2009/09/14,0.84664,0.8716,0.84664,0.8593,0,0,0,0,
2009/09/07,0.837,0.8666,0.837,0.85628,0,0,0,0,
2009/08/31,0.83207,0.8532,0.8232,0.84193,0,0,0,0,
2009/08/24,0.82781,0.8463,0.8229,0.83632,0,0,0,0,
2009/08/17,0.82723,0.8383,0.8136,0.8284,0,0,0,0,
2009/08/10,0.8232,0.846,0.816,0.83125,0,0,0,0,
2009/08/03,0.81054,0.8446,0.81054,0.83588,0,0,0,0,
2009/07/27,0.79815,0.8343,0.79815,0.82293,0,0,0,0,
2009/07/20,0.78819,0.8192,0.78819,0.8081,0.8081,0,0,0.8081,
2009/07/13,0.79031,0.8037,0.7663,0.78607,0,0,0,0,
2009/07/06,0.797,0.7999,0.7685,0.78363,0,0.78363,0.78363,0,
2009/06/29,0.79565,0.811,0.7871,0.79835,0,0,0,0,
2009/06/22,0.79582,0.8042,0.774,0.79548,0,0,0,0,
2009/06/15,0.79414,0.8068,0.7797,0.7975,0,0,0,0,
2009/06/08,0.78684,0.8237,0.7823,0.80145,0,0,0,0,
2009/06/01,0.77165,0.8259,0.77165,0.80202,0,0,0,0,
2009/05/25,0.75511,0.801,0.75511,0.7882,0,0,0,0,
2009/05/18,0.74519,0.7856,0.7436,0.76502,0,0,0,0,
2009/05/11,0.73233,0.7696,0.73233,0.75805,0,0,0,0,
2009/05/04,0.71584,0.7689,0.71584,0.74882,0,0,0,0,
2009/04/27,0.71158,0.7363,0.6962,0.7201,0,0,0,0,
2009/04/20,0.70939,0.7217,0.6928,0.71378,0,0,0,0,
2009/04/13,0.69895,0.7297,0.69895,0.71983,0,0,0,0,
2009/04/06,0.68602,0.7178,0.68602,0.71188,0,0,0,0,
2009/03/30,0.67361,0.7199,0.67361,0.69842,0,0,0,0,
2009/03/23,0.65665,0.706,0.65665,0.69058,0,0,0,0,
2009/03/16,0.6443,0.6912,0.6443,0.669,0.669,0,0,0.669,
2009/03/09,0.64342,0.658,0.6303,0.64518,0,0,0,0,
2009/03/02,0.64732,0.6522,0.628,0.63953,0,0,0,0,
2009/02/23,0.65229,0.6549,0.6331,0.64235,0,0,0,0,
2009/02/16,0.6594,0.6594,0.6325,0.64518,0,0,0,0,
2009/02/09,0.65622,0.6832,0.6415,0.66258,0,0,0,0,
2009/02/02,0.66057,0.6784,0.6231,0.65187,0,0,0,0,
2009/01/26,0.67411,0.67411,0.6326,0.64702,0,0,0,0,
2009/01/19,0.68689,0.68689,0.639,0.66133,0,0,0,0,
2009/01/12,0.69601,0.69601,0.6502,0.67778,0,0.67778,0.67778,0,
2009/01/05,0.6863,0.723,0.6863,0.70573,0,0,0,0,
2008/12/29,0.67843,0.7078,0.67843,0.69417,0,0,0,0,
2008/12/22,0.66335,0.745,0.66335,0.6935,0,0,0,0,
2008/12/15,0.6514,0.709,0.6514,0.6753,0,0,0,0,
2008/12/08,0.64565,0.6799,0.6439,0.65715,0.65715,0,0,0.65715,
2008/12/01,0.64646,0.6537,0.628,0.64485,0,0,0,0,
2008/11/24,0.65067,0.6607,0.6222,0.64225,0,0,0,0,
2008/11/17,0.66586,0.66586,0.6055,0.63548,0,0,0,0,
2008/11/10,0.6679,0.6963,0.6316,0.66383,0,0,0,0,
2008/11/03,0.6635,0.6993,0.6527,0.6723,0,0,0,0,
2008/10/27,0.68675,0.6874,0.5975,0.64025,0,0,0,0,
2008/10/20,0.71858,0.71858,0.6027,0.65492,0,0,0,0,
2008/10/13,0.75781,0.75781,0.6505,0.67935,0,0,0,0,
2008/10/06,0.81166,0.81166,0.6307,0.70395,0,0,0,0,
2008/09/29,0.82598,0.8265,0.7675,0.79735,0,0,0,0,
2008/09/22,0.82188,0.8459,0.8188,0.83008,0,0,0,0,
2008/09/15,0.83373,0.83373,0.7748,0.81003,0,0,0,0,
2008/09/08,0.85208,0.85208,0.7896,0.81537,0,0,0,0,
2008/09/01,0.87104,0.87104,0.8021,0.83313,0,0,0,0,
2008/08/25,0.88319,0.88319,0.8473,0.8589,0,0,0,0,
2008/08/18,0.90012,0.90012,0.8594,0.86625,0,0,0,0,
2008/08/11,0.9267,0.9267,0.8555,0.87355,0,0,0,0,
2008/08/04,0.94794,0.94794,0.8826,0.90545,0,0,0,0,
2008/07/28,0.95811,0.95811,0.9234,0.93778,0,0.93778,0.93778,0,
2008/07/21,0.95754,0.9723,0.9474,0.95868,0,0,0,0,
2008/07/14,0.9507,0.977,0.9507,0.96437,0,0,0,0,
2008/07/07,0.94775,0.9637,0.9388,0.95365,0,0,0,0,
2008/06/30,0.94438,0.957,0.9418,0.95113,0.95113,0,0,0.95113,
2008/06/23,0.94211,0.9537,0.9388,0.94665,0,0,0,0,
2008/06/16,0.94859,0.94859,0.9259,0.93563,0,0,0,0,
2008/06/09,0.95332,0.9638,0.9224,0.94388,0,0.94388,0.94388,0,
2008/06/02,0.9506,0.9662,0.9431,0.95603,0,0,0,0,
2008/05/26,0.94571,0.9617,0.94571,0.9555,0,0,0,0,
2008/05/19,0.93682,0.9622,0.93682,0.9546,0,0,0,0,
2008/05/12,0.93183,0.9526,0.9255,0.9418,0,0,0,0,
2008/05/05,0.92732,0.9458,0.92732,0.93635,0,0,0,0,
2008/04/28,0.92449,0.9416,0.9224,0.93015,0,0,0,0,
2008/04/21,0.9177,0.9482,0.9177,0.93127,0,0,0,0,
2008/04/14,0.91231,0.9334,0.91231,0.92307,0,0,0,0,
2008/04/07,0.90751,0.9267,0.90751,0.91712,0.91712,0,0,0.91712,
2008/03/31,0.90771,0.9146,0.8938,0.9073,0,0,0,0,
2008/03/24,0.91575,0.91575,0.8874,0.89968,0,0,0,0,
2008/03/17,0.92537,0.9325,0.8785,0.90612,0,0.90612,0.90612,0,
2008/03/10,0.92284,0.9466,0.9142,0.9279,0,0,0,0,
2008/03/03,0.91641,0.9406,0.91641,0.92927,0,0,0,0,
2008/02/25,0.90349,0.9481,0.90349,0.92932,0,0,0,0,
2008/02/18,0.89386,0.923,0.89386,0.91312,0,0,0,0,
2008/02/11,0.88711,0.9071,0.88711,0.9006,0,0,0,0,
2008/02/04,0.87935,0.9062,0.87935,0.89487,0,0,0,0,
2008/01/28,0.87161,0.9006,0.87161,0.8871,0.8871,0,0,0.8871,
2008/01/21,0.87716,0.8811,0.8469,0.86605,0,0.86605,0.86605,0,
2008/01/14,0.87365,0.8972,0.8657,0.88067,0,0,0,0,
2008/01/07,0.86967,0.8931,0.8642,0.87762,0,0,0,0,
2007/12/31,0.86757,0.8807,0.8659,0.87177,0.87177,0,0,0.87177,
2007/12/24,0.86709,0.875,0.863,0.86805,0,0,0,0,
2007/12/17,0.87579,0.87579,0.8508,0.8584,0,0,0,0,
2007/12/10,0.88228,0.8906,0.8554,0.8693,0,0,0,0,
2007/12/03,0.8867,0.8867,0.8657,0.87785,0,0,0,0,
2007/11/26,0.89288,0.89288,0.8659,0.88053,0,0,0,0,
2007/11/19,0.90303,0.90303,0.864,0.88272,0,0,0,0,
2007/11/12,0.91266,0.91266,0.873,0.8934,0,0.8934,0.8934,0,
2007/11/05,0.90672,0.9382,0.90672,0.9186,0,0,0,0,
2007/10/29,0.89346,0.9324,0.89346,0.91997,0,0,0,0,
2007/10/22,0.88951,0.9161,0.8726,0.8974,0,0,0,0,
2007/10/15,0.88508,0.9053,0.8789,0.89395,0,0,0,0,
2007/10/08,0.87218,0.9035,0.87218,0.89797,0,0,0,0,
2007/10/01,0.85565,0.8978,0.85565,0.8887,0,0,0,0,
2007/09/24,0.83783,0.886,0.83783,0.87348,0,0,0,0,
2007/09/17,0.82664,0.8673,0.8249,0.84903,0,0,0,0,
2007/09/10,0.82183,0.8435,0.8173,0.83145,0.83145,0,0,0.83145,
2007/09/03,0.82137,0.831,0.8157,0.82227,0,0,0,0,
2007/08/27,0.822,0.8329,0.8047,0.82075,0,0,0,0,
2007/08/20,0.83423,0.83423,0.7883,0.80978,0,0,0,0,
2007/08/13,0.85438,0.85438,0.7665,0.81407,0,0,0,0,
2007/08/06,0.8584,0.8653,0.8393,0.85035,0,0,0,0,
2007/07/30,0.86558,0.86558,0.8435,0.85123,0,0.85123,0.85123,0,
2007/07/23,0.86482,0.887,0.8497,0.86635,0,0,0,0,
2007/07/16,0.85525,0.882,0.85525,0.87438,0,0,0,0,
2007/07/09,0.84771,0.8703,0.84771,0.8628,0,0,0,0,
2007/07/02,0.84182,0.8592,0.84182,0.8536,0,0,0,0,
2007/06/25,0.83926,0.8504,0.8336,0.84437,0,0,0,0,
2007/06/18,0.83583,0.8475,0.83583,0.8427,0,0,0,0,
2007/06/11,0.8316,0.8448,0.8311,0.84005,0,0,0,0,
2007/06/04,0.8243,0.8475,0.8243,0.8389,0.8389,0,0,0.8389,
2007/05/28,0.82378,0.8327,0.8158,0.82483,0,0,0,0,
2007/05/21,0.82636,0.82636,0.817,0.8212,0,0.8212,0.8212,0,
2007/05/14,0.82582,0.8345,0.8195,0.8269,0,0,0,0,
2007/05/07,0.82562,0.8329,0.8196,0.82603,0,0,0,0,
2007/04/30,0.82737,0.832,0.816,0.82388,0,0,0,0,
2007/04/23,0.82376,0.8364,0.8223,0.83098,0,0,0,0,
2007/04/16,0.81433,0.8378,0.81433,0.8332,0,0,0,0,
2007/04/09,0.80536,0.8324,0.80536,0.8233,0,0,0,0,
2007/04/02,0.79899,0.8195,0.79899,0.81173,0,0,0,0,
2007/03/26,0.79248,0.8108,0.79248,0.8055,0,0,0,0,
2007/03/19,0.78504,0.8071,0.78504,0.79993,0,0,0,0,
2007/03/12,0.78153,0.7975,0.7796,0.78855,0.78855,0,0,0.78855,
2007/03/05,0.78517,0.78517,0.7678,0.7779,0,0.7779,0.7779,0,
2007/02/26,0.78326,0.7943,0.7809,0.78707,0,0,0,0,
2007/02/19,0.77809,0.792,0.77809,0.78843,0,0,0,0,
2007/02/12,0.77648,0.7866,0.7703,0.7797,0.7797,0,0,0.7797,
2007/02/05,0.77749,0.7815,0.7717,0.77548,0,0,0,0,
2007/01/29,0.78212,0.78212,0.7688,0.77285,0,0,0,0,
2007/01/22,0.78324,0.7925,0.7707,0.781,0,0.781,0.781,0,
2007/01/15,0.78107,0.7895,0.7802,0.78543,0.78543,0,0,0.78543,
2007/01/08,0.78326,0.78326,0.7732,0.77887,0,0.77887,0.77887,0,
2007/01/01,0.78226,0.7964,0.7769,0.78425,0,0,0,0,
2006/12/25,0.78238,0.7908,0.7697,0.78215,0,0,0,0,
2006/12/18,0.78315,0.7861,0.7783,0.7816,0,0,0,0,
2006/12/11,0.78248,0.7892,0.7795,0.78382,0,0,0,0,
2006/12/04,0.77698,0.793,0.77698,0.78797,0,0,0,0,
2006/11/27,0.76963,0.7924,0.76963,0.78433,0,0,0,0,
2006/11/20,0.76599,0.7787,0.76599,0.77328,0,0,0,0,
2006/11/13,0.7658,0.7694,0.7608,0.76618,0,0,0,0,
2006/11/06,0.76308,0.7754,0.76308,0.76853,0,0,0,0,
2006/10/30,0.75638,0.7759,0.75638,0.76977,0,0,0,0,
2006/10/23,0.75032,0.7687,0.75032,0.76245,0,0,0,0,
2006/10/16,0.74674,0.7596,0.74674,0.7539,0.7539,0,0,0.7539,
2006/10/09,0.74722,0.7521,0.7407,0.74625,0,0,0,0,
2006/10/02,0.75085,0.75085,0.7404,0.7436,0,0,0,0,
2006/09/25,0.7541,0.7543,0.7423,0.7476,0,0,0,0,
2006/09/18,0.75692,0.75692,0.7479,0.75128,0,0,0,0,
2006/09/11,0.76116,0.76116,0.7484,0.75267,0,0.75267,0.75267,0,
2006/09/04,0.761,0.7718,0.753,0.76133,0,0,0,0,
2006/08/28,0.76038,0.7669,0.7561,0.76163,0.76163,0,0,0.76163,
2006/08/21,0.7619,0.7667,0.7547,0.75885,0,0.75885,0.75885,0,
2006/08/14,0.76171,0.7696,0.7559,0.7621,0,0,0,0,
2006/08/07,0.75884,0.7711,0.756,0.76458,0,0,0,0,
2006/07/31,0.75356,0.7677,0.75356,0.76413,0,0,0,0,
2006/07/24,0.74829,0.7671,0.74829,0.75882,0,0,0,0,
2006/07/17,0.74687,0.7539,0.74,0.7497,0,0,0,0,
2006/07/10,0.74258,0.7558,0.74258,0.75118,0,0,0,0,
2006/07/03,0.73863,0.7524,0.73863,0.74652,0.74652,0,0,0.74652,
2006/06/26,0.74133,0.7444,0.7263,0.73593,0,0,0,0,
2006/06/19,0.74755,0.74755,0.7297,0.7351,0,0,0,0,
2006/06/12,0.75241,0.75241,0.7343,0.7427,0,0,0,0,
2006/06/05,0.75689,0.75689,0.739,0.74792,0,0,0,0,
2006/05/29,0.75928,0.7651,0.7438,0.7545,0,0,0,0,
2006/05/22,0.76322,0.76322,0.7461,0.75535,0,0.75535,0.75535,0,
2006/05/15,0.76223,0.7741,0.7522,0.7642,0,0,0,0,
2006/05/08,0.75272,0.7788,0.75272,0.77175,0,0,0,0,
2006/05/01,0.74071,0.7738,0.74071,0.76472,0,0,0,0,
2006/04/24,0.72984,0.76,0.72984,0.75157,0,0,0,0,
2006/04/17,0.72327,0.7476,0.72327,0.73643,0,0,0,0,
2006/04/10,0.71956,0.7335,0.71956,0.72698,0.72698,0,0,0.72698,
2006/04/03,0.71794,0.7336,0.7107,0.72118,0,0,0,0,
2006/03/27,0.72582,0.72582,0.7006,0.71005,0,0,0,0,
2006/03/20,0.73517,0.73517,0.705,0.71647,0,0,0,0,
2006/03/13,0.73987,0.73987,0.7253,0.73047,0,0,0,0,
2006/03/06,0.74102,0.7483,0.7304,0.73872,0,0,0,0,
2006/02/27,0.74009,0.7498,0.7359,0.74195,0,0,0,0,
2006/02/20,0.74192,0.74192,0.7339,0.73825,0,0,0,0,
2006/02/13,0.74607,0.74607,0.7344,0.73777,0,0,0,0,
2006/02/06,0.74961,0.74961,0.7361,0.74252,0,0.74252,0.74252,0,
2006/01/30,0.74894,0.7579,0.7468,0.75028,0,0,0,0,
2006/01/23,0.74794,0.7551,0.7469,0.74995,0,0,0,0,
2006/01/16,0.74532,0.7566,0.7434,0.75055,0,0,0,0,
2006/01/09,0.73865,0.7554,0.73865,0.752,0,0,0,0,
2006/01/02,0.73479,0.7539,0.7301,0.7425,0.7425,0,0,0.7425,
2005/12/27,0.74074,0.74074,0.7214,0.72885,0,0,0,0,
2005/12/19,0.74567,0.7461,0.7249,0.7358,0,0.7358,0.7358,0,
2005/12/12,0.74322,0.7579,0.742,0.74813,0,0,0,0,
2005/12/05,0.73764,0.7541,0.73764,0.7488,0,0,0,0,
2005/11/28,0.73463,0.7487,0.7319,0.74065,0.74065,0,0,0.74065,
2005/11/21,0.73457,0.7401,0.7314,0.7347,0,0,0,0,
2005/11/14,0.73831,0.73831,0.7253,0.73082,0,0,0,0,
2005/11/07,0.74554,0.74554,0.7272,0.73108,0,0,0,0,
2005/10/31,0.75095,0.75095,0.7299,0.74013,0,0,0,0,
2005/10/24,0.75223,0.7587,0.745,0.74967,0,0,0,0,
2005/10/17,0.75498,0.757,0.7421,0.74948,0,0,0,0,
2005/10/10,0.75842,0.75842,0.7443,0.75155,0,0,0,0,
2005/10/03,0.76056,0.7621,0.7487,0.75628,0,0,0,0,
2005/09/26,0.7645,0.7645,0.7503,0.75662,0,0,0,0,
2005/09/19,0.7671,0.7701,0.754,0.7619,0,0.7619,0.7619,0,
2005/09/12,0.7635,0.7761,0.7635,0.7707,0,0,0,0,
2005/09/05,0.7575,0.7773,0.7575,0.7695,0.7695,0,0,0.7695,
2005/08/29,0.75769,0.7659,0.7449,0.7573,0,0,0,0,
2005/08/22,0.76148,0.76148,0.75,0.7539,0,0.7539,0.7539,0,
2005/08/15,0.76242,0.7729,0.7485,0.76055,0,0,0,0,
2005/08/08,0.75784,0.7742,0.7568,0.767,0,0,0,0,
2005/08/01,0.75428,0.7722,0.7532,0.7614,0,0,0,0,
2005/07/25,0.75156,0.7623,0.7507,0.757,0,0,0,0,
2005/07/18,0.74818,0.7664,0.7448,0.75495,0.75495,0,0,0.75495,
2005/07/11,0.75145,0.7547,0.739,0.7449,0,0,0,0,
2005/07/04,0.76118,0.76118,0.7336,0.74172,0,0,0,0,
2005/06/27,0.76596,0.7665,0.7464,0.7564,0,0.7564,0.7564,0,
2005/06/20,0.76322,0.7767,0.7627,0.7687,0,0,0,0,
2005/06/13,0.75969,0.7741,0.7565,0.76675,0.76675,0,0,0.76675,
2005/06/06,0.7588,0.7702,0.7551,0.76058,0,0,0,0,
2005/05/30,0.76105,0.7626,0.7469,0.75655,0,0,0,0,
2005/05/23,0.76366,0.7639,0.7536,0.75845,0,0,0,0,
2005/05/16,0.77069,0.77069,0.7518,0.75662,0,0,0,0,
2005/05/09,0.77475,0.7773,0.7587,0.76663,0,0.76663,0.76663,0,
2005/05/02,0.77417,0.7806,0.77,0.77533,0,0,0,0,
2005/04/25,0.77046,0.7819,0.77046,0.77787,0.77787,0,0,0.77787,
2005/04/18,0.76938,0.7805,0.7606,0.77155,0,0,0,0,
2005/04/11,0.77048,0.777,0.7622,0.76828,0,0,0,0,
2005/04/04,0.77534,0.77534,0.7588,0.76563,0,0,0,0,
2005/03/28,0.78319,0.78319,0.7624,0.7675,0,0,0,0,
2005/03/21,0.78855,0.7895,0.7653,0.77782,0,0.77782,0.77782,0,
2005/03/14,0.78783,0.7936,0.7817,0.78927,0,0,0,0,
2005/03/07,0.78423,0.7985,0.78423,0.79143,0,0,0,0,
2005/02/28,0.78205,0.7936,0.7763,0.7864,0,0,0,0,
2005/02/21,0.77728,0.7945,0.77728,0.78683,0,0,0,0,
2005/02/14,0.77044,0.7884,0.77044,0.78412,0,0,0,0,
2005/02/07,0.76732,0.785,0.7591,0.77355,0,0,0,0,
2005/01/31,0.76447,0.7766,0.76447,0.77018,0,0,0,0,
2005/01/24,0.76017,0.7762,0.7601,0.76877,0.76877,0,0,0.76877,
2005/01/17,0.76092,0.7691,0.7475,0.75943,0,0,0,0,
2005/01/10,0.76514,0.7661,0.7515,0.7567,0,0,0,0,
2005/01/03,0.76663,0.7796,0.7503,0.76365,0,0.76365,0.76365,0,
2004/12/27,0.76164,0.7801,0.76164,0.77163,0.77163,0,0,0.77163,
2004/12/20,0.76266,0.7634,0.757,0.76063,0,0,0,0,
2004/12/13,0.77117,0.77117,0.7472,0.75415,0,0,0,0,
2004/12/06,0.77823,0.7819,0.7434,0.7641,0,0.7641,0.7641,0,
2004/11/29,0.77486,0.7892,0.7688,0.7816,0,0,0,0,
2004/11/22,0.76413,0.7938,0.76413,0.7856,0,0,0,0,
2004/11/15,0.75265,0.7849,0.75265,0.7756,0,0,0,0,
2004/11/08,0.74278,0.7681,0.74278,0.76253,0,0,0,0,
2004/11/01,0.73348,0.7608,0.73348,0.75208,0,0,0,0,
2004/10/25,0.72578,0.7478,0.72578,0.74118,0,0,0,0,
2004/10/18,0.72173,0.7379,0.7185,0.72982,0,0,0,0,
2004/10/11,0.71554,0.7347,0.71554,0.72793,0,0,0,0,
2004/10/04,0.70679,0.7323,0.70679,0.7243,0,0,0,0,
2004/09/27,0.69875,0.7238,0.69875,0.71483,0,0,0,0,
2004/09/20,0.69627,0.712,0.6918,0.70122,0.70122,0,0,0.70122,
2004/09/13,0.69863,0.6989,0.6875,0.6939,0,0,0,0,
2004/09/07,0.70427,0.70427,0.685,0.693,0,0,0,0,
2004/08/30,0.71238,0.71238,0.6884,0.69615,0,0.69615,0.69615,0,
2004/08/23,0.71349,0.722,0.6985,0.71127,0,0,0,0,
2004/08/16,0.70908,0.7245,0.70908,0.7179,0,0,0,0,
2004/08/09,0.70654,0.7172,0.7037,0.71162,0.71162,0,0,0.71162,
2004/08/02,0.70781,0.7131,0.6961,0.70527,0,0,0,0,
2004/07/26,0.71476,0.71476,0.69,0.70085,0,0.70085,0.70085,0,
2004/07/19,0.71268,0.7304,0.7036,0.71685,0,0,0,0,
2004/07/12,0.70298,0.7285,0.70298,0.72237,0,0,0,0,
2004/07/05,0.69326,0.7193,0.69326,0.7127,0,0,0,0,
2004/06/28,0.68819,0.7085,0.6821,0.69832,0.69832,0,0,0.69832,
2004/06/21,0.68804,0.6967,0.6784,0.68835,0,0,0,0,
2004/06/14,0.6928,0.6928,0.673,0.68327,0,0,0,0,
2004/06/07,0.6953,0.7002,0.6791,0.6903,0,0.6903,0.6903,0,
2004/05/31,0.6947,0.7103,0.6772,0.6959,0.6959,0,0,0.6959,
2004/05/24,0.69164,0.7104,0.6874,0.69775,0,0,0,0,
2004/05/17,0.69899,0.69899,0.6723,0.6843,0,0,0,0,
2004/05/10,0.71433,0.71433,0.6746,0.68365,0,0,0,0,
2004/05/03,0.72328,0.72328,0.6946,0.70537,0,0,0,0,
2004/04/26,0.73248,0.73248,0.7029,0.71408,0,0,0,0,
2004/04/19,0.73936,0.73936,0.7132,0.7256,0,0.7256,0.7256,0,
2004/04/12,0.74055,0.7539,0.7177,0.73818,0,0,0,0,
2004/04/05,0.73599,0.7552,0.73599,0.7451,0,0,0,0,
2004/03/29,0.73171,0.755,0.7307,0.74028,0.74028,0,0,0.74028,
2004/03/22,0.73269,0.7398,0.7235,0.73072,0,0,0,0,
2004/03/15,0.73945,0.73945,0.7137,0.72593,0,0,0,0,
2004/03/08,0.75064,0.75064,0.7141,0.72825,0,0,0,0,
2004/03/01,0.75578,0.75578,0.733,0.7455,0,0.7455,0.7455,0,
2004/02/23,0.75724,0.7607,0.7507,0.75433,0,0,0,0,
2004/02/16,0.75361,0.7784,0.7482,0.76087,0,0,0,0,
2004/02/09,0.74504,0.769,0.74504,0.76218,0.76218,0,0,0.76218,
2004/02/02,0.74708,0.7493,0.7367,0.743,0,0,0.743,0,
2004/01/26,0.74675,0.7582,0.7396,0.7474,0,0,0,0,
2004/01/19,0.74562,0.7575,0.7412,0.74787,0,0,0,0,
2004/01/12,0.74318,0.7557,0.7407,0.74808, , , , ,
2004/01/05,0.7367,0.7539,0.7367,0.74965, , , , ,
2004/01/02,0.7367,0.7367,0.7367,0.7367, , , , ,
,,,,,,,,,
