,date,open_week,high_week,low_week,close_week,TRIX_buy,TRIX_buy_clear,TRIX_sell,TRIX_sell_clear,MACD_buy,MACD_buy_clear,MACD_sell,MACD_sell_clear,TRIX_C_buy,TRIX_C_buy_clear,TRIX_C_sell,TRIX_C_sell_clear,open_buy_close_sell,open,high,low,close,TRIX_buy_day,TRIX_buy_clear_day,TRIX_sell_day,TRIX_sell_clear_day
0,2019-01-02,,,,,,,,,,,,,,,,,,0.7054,0.7059,0.6991,0.7008,0,0,0,0
1,2019-01-03,,,,,,,,,,,,,,,,,,0.6893,0.7028,0.6825,0.701,0,0,0,0
2,2019-01-04,,,,,,,,,,,,,,,,,,0.7012,0.7132,0.7001,0.7124,0,0,0,0
3,2019-01-07,0.70741,0.7242,0.70741,0.71767,0,0,0,0,0.71767,0,0,0.71767,0.71767,0,0,0.71767,-0.014503611766867937,0.7129,0.7158,0.7122,0.715,0,0,0,0
4,2019-01-08,,,,,,,,,,,,,,,,,,0.7152,0.7158,0.7125,0.7147,0,0,0,0
5,2019-01-09,,,,,,,,,,,,,,,,,,0.7147,0.7201,0.7146,0.7188,0,0,0,0
6,2019-01-10,,,,,,,,,,,,,,,,,,0.7183,0.7204,0.7154,0.719,0,0,0,0
7,2019-01-11,,,,,,,,,,,,,,,,,,0.7191,0.7242,0.7189,0.7214,0,0,0,0
8,2019-01-14,0.71254,0.7232,0.71254,0.71942,0.71942,0,0,0.71942,0,0,0,0,0,0,0,0,-0.009655598282201697,0.7218,0.7225,0.7183,0.7206,0,0,0,0
9,2019-01-15,,,,,,,,,,,,,,,,,,0.72,0.7232,0.7186,0.72,0.72,0,0,0.72
10,2019-01-16,,,,,,,,,,,,,,,,,,0.7206,0.7218,0.7168,0.7185,0,0,0,0
11,2019-01-17,,,,,,,,,,,,,,,,,,0.7177,0.7228,0.7153,0.7206,0,0,0,0
12,2019-01-18,,,,,,,,,,,,,,,,,,0.7195,0.7221,0.7165,0.7174,0,0,0,0
13,2019-01-22,0.71598,0.7192,0.7082,0.7157,0,0,0,0,0,0,0,0,0,0,0,0,0.00039107237632328694,0.7169,0.7188,0.7122,0.7125,0,0,0,0
14,2019-01-23,,,,,,,,,,,,,,,,,,0.7128,0.7151,0.7124,0.7149,0,0,0,0
15,2019-01-24,,,,,,,,,,,,,,,,,,0.7147,0.7172,0.7086,0.7094,0,0,0,0
16,2019-01-25,,,,,,,,,,,,,,,,,,0.7095,0.7192,0.7082,0.7185,0,0,0,0
17,2019-01-28,0.71584,0.73,0.7144,0.72213,0,0,0,0,0,0,0,0,0,0,0,0,-0.008786879749664755,0.7186,0.7211,0.7166,0.7171,0,0,0,0
18,2019-01-29,,,,,,,,,,,,,,,,,,0.7166,0.7182,0.7144,0.7154,0,0,0,0
19,2019-01-30,,,,,,,,,,,,,,,,,,0.7157,0.7279,0.7154,0.7276,0,0,0,0
20,2019-01-31,,,,,,,,,,,,,,,,,,0.7249,0.73,0.7248,0.727,0,0,0,0
21,2019-02-01,,,,,,,,,,,,,,,,,,0.7277,0.7289,0.7241,0.7255,0,0,0,0
22,2019-02-04,0.71898,0.7269,0.7064,0.71693,0,0,0,0,0,0,0,0,0,0,0,0,0.0028512615093604777,0.7254,0.7259,0.7216,0.7229,0,0,0,0
23,2019-02-05,,,,,,,,,,,,,,,,,,0.7226,0.7269,0.7199,0.7234,0,0,0,0
24,2019-02-06,,,,,,,,,,,,,,,,,,0.7238,0.7249,0.7107,0.7119,0,0,0,0
25,2019-02-07,,,,,,,,,,,,,,,,,,0.7112,0.7121,0.7093,0.7104,0,0,0,0
26,2019-02-08,,,,,,,,,,,,,,,,,,0.7101,0.7106,0.7064,0.709,0,0,0,0
27,2019-02-11,0.71795,0.71795,0.7058,0.71115,0,0.71115,0.71115,0,0,0.71115,0.71115,0,0,0.71115,0.71115,0,0.009471411658193507,0.7093,0.7112,0.7061,0.7066,0,0,0,0
28,2019-02-12,,,,,,,,,,,,,,,,,,0.7063,0.7107,0.7058,0.7103,0,0.7103,0.7103,0
29,2019-02-13,,,,,,,,,,,,,,,,,,0.7099,0.7139,0.709,0.7099,0,0,0,0
30,2019-02-14,,,,,,,,,,,,,,,,,,0.7093,0.7135,0.7074,0.7109,0,0,0,0
31,2019-02-15,,,,,,,,,,,,,,,,,,0.7105,0.7152,0.7083,0.7143,0,0,0,0
32,2019-02-19,0.71455,0.721,0.7071,0.714,0,0,0,0,0,0,0,0,0,0,0,0,0.0007697152053740822,0.7142,0.7177,0.7107,0.7172,0,0,0,0
33,2019-02-20,,,,,,,,,,,,,,,,,,0.7165,0.7186,0.7145,0.7176,0,0,0,0
34,2019-02-21,,,,,,,,,,,,,,,,,,0.7167,0.721,0.7071,0.7083,0,0,0,0
35,2019-02-22,,,,,,,,,,,,,,,,,,0.7096,0.7153,0.7085,0.7137,0,0,0,0
36,2019-02-25,0.71428,0.7202,0.7071,0.71247,0,0,0,0,0,0,0,0,0,0,0,0,0.0025340202721621467,0.7151,0.7187,0.7137,0.7179,0,0,0,0
37,2019-02-26,,,,,,,,,,,,,,,,,,0.7172,0.7198,0.7145,0.7196,0,0,0,0
38,2019-02-27,,,,,,,,,,,,,,,,,,0.7194,0.7202,0.713,0.7143,0,0,0,0
39,2019-02-28,,,,,,,,,,,,,,,,,,0.7143,0.7169,0.7092,0.7095,0,0,0,0
40,2019-03-01,,,,,,,,,,,,,,,,,,0.7099,0.7124,0.7071,0.7075,0,0,0,0
41,2019-03-04,0.71338,0.71338,0.7004,0.70652,0,0,0,0,0,0,0,0,0,0,0,0,0.009616193333146398,0.7099,0.711,0.7077,0.7088,0,0,0,0
42,2019-03-05,,,,,,,,,,,,,,,,,,0.7087,0.7099,0.706,0.7088,0,0,0,0
43,2019-03-06,,,,,,,,,,,,,,,,,,0.7079,0.7094,0.7022,0.7028,0,0,0,0
44,2019-03-07,,,,,,,,,,,,,,,,,,0.7028,0.7052,0.7006,0.7012,0,0,0,0
45,2019-03-08,,,,,,,,,,,,,,,,,,0.7016,0.7053,0.7004,0.7048,0,0,0,0
46,2019-03-11,0.70995,0.70995,0.7027,0.70625,0,0,0,0,0,0,0,0,0,0,0,0,0.005211634622156385,0.7039,0.7078,0.7027,0.7062,0,0,0,0
47,2019-03-12,,,,,,,,,,,,,,,,,,0.707,0.7093,0.7058,0.7088,0,0,0,0
48,2019-03-13,,,,,,,,,,,,,,,,,,0.7081,0.7099,0.705,0.709,0,0,0,0
49,2019-03-14,,,,,,,,,,,,,,,,,,0.7094,0.7099,0.7041,0.7064,0,0,0,0
50,2019-03-15,,,,,,,,,,,,,,,,,,0.7066,0.7097,0.7062,0.7085,0,0,0,0
51,2019-03-18,0.7081,0.7179,0.7067,0.71083,0,0,0,0,0.71083,0,0,0.71083,0.71083,0,0,0.71083,-0.003855387657110592,0.7094,0.7129,0.7088,0.7109,0,0,0,0
52,2019-03-19,,,,,,,,,,,,,,,,,,0.711,0.7121,0.7095,0.71,0,0,0,0
53,2019-03-20,,,,,,,,,,,,,,,,,,0.7099,0.7162,0.7067,0.7153,0,0,0,0
54,2019-03-21,,,,,,,,,,,,,,,,,,0.7138,0.7179,0.71,0.7116,0,0,0,0
55,2019-03-22,,,,,,,,,,,,,,,,,,0.7125,0.7128,0.7086,0.7093,0,0,0,0
56,2019-03-25,0.70946,0.7158,0.7072,0.71078,0,0,0,0,0,0,0,0,0,0,0,0,-0.0018605700109942602,0.7092,0.7128,0.7077,0.7118,0,0,0,0
57,2019-03-26,,,,,,,,,,,,,,,,,,0.7123,0.7158,0.7119,0.7154,0.7154,0,0,0.7154
58,2019-03-27,,,,,,,,,,,,,,,,,,0.7147,0.7152,0.7079,0.7096,0,0,0,0
59,2019-03-28,,,,,,,,,,,,,,,,,,0.7096,0.7117,0.7072,0.7088,0,0,0,0
60,2019-03-29,,,,,,,,,,,,,,,,,,0.7087,0.7115,0.7085,0.7109,0,0,0,0
61,2019-04-01,0.71012,0.7143,0.7063,0.71098,0,0,0,0,0,0,0,0,0,0,0,0,-0.0012110629189432376,0.7119,0.7143,0.7115,0.7124,0,0,0,0
62,2019-04-02,,,,,,,,,,,,,,,,,,0.712,0.7141,0.7063,0.7074,0,0,0,0
63,2019-04-03,,,,,,,,,,,,,,,,,,0.708,0.7141,0.7065,0.7128,0,0,0,0
64,2019-04-04,,,,,,,,,,,,,,,,,,0.7126,0.7138,0.7108,0.713,0,0,0,0
65,2019-04-05,,,,,,,,,,,,,,,,,,0.7123,0.7143,0.7102,0.7114,0,0,0,0
66,2019-04-08,0.71055,0.7203,0.7098,0.71503,0.71503,0,0,0.71503,0,0,0,0,0,0,0,0,-0.006304975019351262,0.7117,0.7141,0.7098,0.7136,0,0,0,0
67,2019-04-09,,,,,,,,,,,,,,,,,,0.7136,0.7163,0.7129,0.7134,0,0,0,0
68,2019-04-10,,,,,,,,,,,,,,,,,,0.7133,0.7185,0.712,0.7176,0,0,0,0
69,2019-04-11,,,,,,,,,,,,,,,,,,0.718,0.7181,0.7127,0.7128,0,0,0,0
70,2019-04-12,,,,,,,,,,,,,,,,,,0.7136,0.7203,0.7125,0.7183,0,0,0,0
71,2019-04-15,0.71279,0.7215,0.71279,0.71735,0,0,0,0,0,0,0,0,0,0,0,0,-0.006397396147532946,0.7189,0.7192,0.7174,0.7183,0,0,0,0
72,2019-04-16,,,,,,,,,,,,,,,,,,0.718,0.7189,0.715,0.7183,0,0,0,0
73,2019-04-17,,,,,,,,,,,,,,,,,,0.7184,0.7215,0.7161,0.7179,0,0,0,0
74,2019-04-18,,,,,,,,,,,,,,,,,,0.7188,0.7209,0.7144,0.7146,0,0,0,0
75,2019-04-22,0.71507,0.7161,0.6997,0.70905,0,0,0,0,0,0.70905,0.70905,0,0,0.70905,0.70905,0,0.008418756205686191,0.7156,0.7161,0.7136,0.7139,0,0,0,0
76,2019-04-23,,,,,,,,,,,,,,,,,,0.7147,0.7147,0.7089,0.71,0,0,0,0
77,2019-04-24,,,,,,,,,,,,,,,,,,0.7107,0.7109,0.7012,0.7013,0,0,0,0
78,2019-04-25,,,,,,,,,,,,,,,,,,0.7019,0.7031,0.6997,0.7019,0,0,0,0
79,2019-04-26,,,,,,,,,,,,,,,,,,0.7021,0.707,0.7016,0.7048,0,0.7048,0.7048,0
80,2019-04-29,0.71206,0.71206,0.6991,0.7035,0,0.7035,0.7035,0,0,0,0,0,0,0,0,0,0.01202145886582593,0.7048,0.7069,0.7046,0.7065,0,0,0,0
81,2019-04-30,,,,,,,,,,,,,,,,,,0.7062,0.7077,0.7039,0.7058,0,0,0,0
82,2019-05-01,,,,,,,,,,,,,,,,,,0.7056,0.7069,0.7015,0.7021,0,0,0,0
83,2019-05-02,,,,,,,,,,,,,,,,,,0.7023,0.7037,0.7002,0.7004,0,0,0,0
84,2019-05-03,,,,,,,,,,,,,,,,,,0.7006,0.7033,0.6991,0.7024,0,0,0,0
85,2019-05-06,0.70778,0.70778,0.697,0.7006,0,0,0,0,0,0,0,0,0,0,0,0,0.010144395151035582,0.6994,0.7011,0.697,0.7007,0,0,0,0
86,2019-05-07,,,,,,,,,,,,,,,,,,0.6994,0.7056,0.6988,0.701,0,0,0,0
87,2019-05-08,,,,,,,,,,,,,,,,,,0.7017,0.7033,0.6992,0.6995,0,0,0,0
88,2019-05-09,,,,,,,,,,,,,,,,,,0.6996,0.7004,0.697,0.7001,0,0,0,0
89,2019-05-10,,,,,,,,,,,,,,,,,,0.6995,0.7025,0.6984,0.7004,0,0,0,0
90,2019-05-13,0.70419,0.70419,0.6869,0.69355,0,0,0,0,0,0,0,0,0,0,0,0,0.015109558499836667,0.6998,0.7003,0.6946,0.6955,0,0,0,0
91,2019-05-14,,,,,,,,,,,,,,,,,,0.6948,0.6965,0.6941,0.6949,0,0,0,0
92,2019-05-15,,,,,,,,,,,,,,,,,,0.6947,0.695,0.692,0.6933,0,0,0,0
93,2019-05-16,,,,,,,,,,,,,,,,,,0.6934,0.6938,0.6891,0.6897,0,0,0,0
94,2019-05-17,,,,,,,,,,,,,,,,,,0.6896,0.6902,0.6869,0.6872,0,0,0,0
95,2019-05-20,0.69887,0.69887,0.6868,0.69078,0,0,0,0,0,0,0,0,0,0,0,0,0.011575829553422012,0.6903,0.6938,0.6894,0.691,0,0,0,0
96,2019-05-21,,,,,,,,,,,,,,,,,,0.6913,0.6934,0.6871,0.6887,0,0,0,0
97,2019-05-22,,,,,,,,,,,,,,,,,,0.6887,0.6901,0.6877,0.6889,0,0,0,0
98,2019-05-23,,,,,,,,,,,,,,,,,,0.6884,0.6904,0.6868,0.6897,0,0,0,0
99,2019-05-24,,,,,,,,,,,,,,,,,,0.6904,0.6939,0.6885,0.6921,0,0,0,0
100,2019-05-28,0.69482,0.69482,0.6903,0.69317,0,0,0,0,0,0,0,0,0,0,0,0,0.002374715753720446,0.6934,0.6943,0.6918,0.6926,0,0,0,0
101,2019-05-29,,,,,,,,,,,,,,,,,,0.6929,0.6936,0.6908,0.6917,0,0,0,0
102,2019-05-30,,,,,,,,,,,,,,,,,,0.692,0.694,0.6903,0.6914,0,0,0,0
103,2019-05-31,,,,,,,,,,,,,,,,,,0.6915,0.6947,0.6904,0.6943,0,0,0,0
104,2019-06-03,0.694,0.7024,0.6931,0.69737,0,0,0,0,0.69737,0,0,0.69737,0.69737,0,0,0.69737,-0.004855907780979964,0.6935,0.6986,0.6931,0.6982,0,0,0,0
105,2019-06-04,,,,,,,,,,,,,,,,,,0.6979,0.7007,0.6958,0.7,0,0,0,0
106,2019-06-05,,,,,,,,,,,,,,,,,,0.6997,0.7014,0.6965,0.6969,0,0,0,0
107,2019-06-06,,,,,,,,,,,,,,,,,,0.6972,0.6995,0.6966,0.6977,0,0,0,0
108,2019-06-07,,,,,,,,,,,,,,,,,,0.6978,0.7024,0.6965,0.7005,0,0,0,0
109,2019-06-10,0.69569,0.7005,0.6862,0.69342,0,0,0,0,0,0.69342,0.69342,0,0,0,0,0,0.00326294757722548,0.7004,0.7005,0.6959,0.696,0,0,0,0
110,2019-06-11,,,,,,,,,,,,,,,,,,0.6963,0.6968,0.6948,0.6961,0.6961,0,0,0.6961
111,2019-06-12,,,,,,,,,,,,,,,,,,0.6963,0.6964,0.6926,0.6928,0,0,0,0
112,2019-06-13,,,,,,,,,,,,,,,,,,0.6932,0.6939,0.6902,0.6917,0,0,0,0
113,2019-06-14,,,,,,,,,,,,,,,,,,0.6915,0.6918,0.6862,0.6866,0,0.6866,0.6866,0
114,2019-06-17,0.69456,0.6956,0.6849,0.691,0,0,0,0,0,0,0,0,0,0,0,0,0.00512554710896108,0.6891,0.6902,0.6867,0.6869,0,0,0,0
115,2019-06-18,,,,,,,,,,,,,,,,,,0.6872,0.69,0.6849,0.6892,0,0,0,0
116,2019-06-19,,,,,,,,,,,,,,,,,,0.6894,0.6927,0.6873,0.6908,0,0,0,0
117,2019-06-20,,,,,,,,,,,,,,,,,,0.6901,0.6953,0.6897,0.694,0,0,0,0
118,2019-06-21,,,,,,,,,,,,,,,,,,0.6943,0.6956,0.6921,0.6944,0,0,0,0
119,2019-06-24,0.69278,0.7041,0.69278,0.6993,0,0,0,0,0.6993,0,0,0.6993,0,0,0,0,-0.009411357140795176,0.6948,0.6987,0.6947,0.6984,0,0,0,0
120,2019-06-25,,,,,,,,,,,,,,,,,,0.6984,0.6996,0.6959,0.6977,0,0,0,0
121,2019-06-26,,,,,,,,,,,,,,,,,,0.6978,0.7012,0.6968,0.7002,0,0,0,0
122,2019-06-27,,,,,,,,,,,,,,,,,,0.7005,0.7026,0.7001,0.7021,0.7021,0,0,0.7021
123,2019-06-28,,,,,,,,,,,,,,,,,,0.7021,0.7041,0.7015,0.7036,0,0,0,0
124,2019-07-01,0.69604,0.7064,0.69604,0.70195,0.70195,0,0,0.70195,0,0,0,0,0,0,0,0,-0.008490891328084551,0.7045,0.7048,0.6973,0.6974,0,0,0,0
125,2019-07-02,,,,,,,,,,,,,,,,,,0.6982,0.7016,0.6973,0.7005,0,0,0,0
126,2019-07-03,,,,,,,,,,,,,,,,,,0.7008,0.7056,0.7002,0.7054,0,0,0,0
127,2019-07-05,,,,,,,,,,,,,,,,,,0.7051,0.7064,0.6974,0.6996,0,0,0,0
128,2019-07-08,0.69899,0.7039,0.6926,0.7001,0,0,0,0,0,0,0,0,0,0,0,0,-0.0015880055508661704,0.7,0.701,0.6983,0.6987,0,0,0,0
129,2019-07-09,,,,,,,,,,,,,,,,,,0.6988,0.6991,0.6935,0.6944,0,0,0,0
130,2019-07-10,,,,,,,,,,,,,,,,,,0.6946,0.6984,0.6926,0.6974,0,0,0,0
131,2019-07-11,,,,,,,,,,,,,,,,,,0.6978,0.7002,0.6968,0.6989,0,0,0,0
132,2019-07-12,,,,,,,,,,,,,,,,,,0.6987,0.7039,0.6985,0.7039,0,0,0,0
133,2019-07-15,0.69955,0.7094,0.69955,0.70483,0,0,0,0,0,0,0,0,0,0,0,0,-0.0075477092416552805,0.7034,0.7054,0.7026,0.7051,0,0,0,0
134,2019-07-16,,,,,,,,,,,,,,,,,,0.7053,0.7059,0.7024,0.7027,0,0,0,0
135,2019-07-17,,,,,,,,,,,,,,,,,,0.7024,0.7038,0.7009,0.7028,0,0,0,0
136,2019-07-18,,,,,,,,,,,,,,,,,,0.7024,0.7088,0.7017,0.708,0,0,0,0
137,2019-07-19,,,,,,,,,,,,,,,,,,0.7086,0.7094,0.705,0.7056,0,0,0,0
138,2019-07-22,0.70219,0.7069,0.6913,0.699,0,0,0,0,0,0.699,0.699,0,0,0.699,0.699,0,0.004542929976217301,0.706,0.7069,0.7043,0.7048,0,0,0,0
139,2019-07-23,,,,,,,,,,,,,,,,,,0.7047,0.7048,0.7007,0.7014,0,0,0,0
140,2019-07-24,,,,,,,,,,,,,,,,,,0.7017,0.7017,0.6984,0.6987,0,0,0,0
141,2019-07-25,,,,,,,,,,,,,,,,,,0.6987,0.6995,0.6953,0.6957,0,0,0,0
142,2019-07-26,,,,,,,,,,,,,,,,,,0.6962,0.6966,0.6913,0.6918,0,0,0,0
143,2019-07-29,0.70059,0.70059,0.6772,0.68563,0,0.68563,0.68563,0,0,0,0,0,0,0,0,0,0.021353430679855668,0.692,0.6927,0.6906,0.6913,0,0,0,0
144,2019-07-30,,,,,,,,,,,,,,,,,,0.6911,0.6919,0.688,0.6886,0,0.6886,0.6886,0
145,2019-07-31,,,,,,,,,,,,,,,,,,0.6884,0.691,0.6843,0.6851,0,0,0,0
146,2019-08-01,,,,,,,,,,,,,,,,,,0.6853,0.6878,0.6805,0.6815,0,0,0,0
147,2019-08-02,,,,,,,,,,,,,,,,,,0.6808,0.6828,0.6772,0.6806,0,0,0,0
148,2019-08-05,0.69311,0.69311,0.6685,0.67795,0,0,0,0,0,0,0,0,0,0,0,0,0.021872430061606312,0.6803,0.6814,0.6757,0.677,0,0,0,0
149,2019-08-06,,,,,,,,,,,,,,,,,,0.6764,0.681,0.6759,0.6766,0,0,0,0
150,2019-08-07,,,,,,,,,,,,,,,,,,0.6767,0.6791,0.6685,0.6776,0,0,0,0
151,2019-08-08,,,,,,,,,,,,,,,,,,0.6766,0.683,0.6754,0.6813,0,0,0,0
152,2019-08-09,,,,,,,,,,,,,,,,,,0.6809,0.6826,0.6789,0.68,0,0,0,0
153,2019-08-12,0.68553,0.68553,0.6743,0.67873,0,0,0,0,0,0,0,0,0,0,0,0,0.009919332487272501,0.679,0.6805,0.6753,0.6762,0,0,0,0
154,2019-08-13,,,,,,,,,,,,,,,,,,0.6758,0.6826,0.6755,0.6801,0,0,0,0
155,2019-08-14,,,,,,,,,,,,,,,,,,0.6805,0.6816,0.6743,0.6754,0,0,0,0
156,2019-08-15,,,,,,,,,,,,,,,,,,0.6755,0.6797,0.6753,0.6782,0,0,0,0
157,2019-08-16,,,,,,,,,,,,,,,,,,0.678,0.6802,0.6778,0.679,0,0,0,0
158,2019-08-19,0.68213,0.68213,0.6741,0.6773,0,0,0,0,0,0,0,0,0,0,0,0,0.007080761731634733,0.6788,0.6795,0.6768,0.6772,0,0,0,0
159,2019-08-20,,,,,,,,,,,,,,,,,,0.6773,0.6801,0.676,0.6781,0,0,0,0
160,2019-08-21,,,,,,,,,,,,,,,,,,0.678,0.6805,0.6778,0.6786,0,0,0,0
161,2019-08-22,,,,,,,,,,,,,,,,,,0.6789,0.6793,0.6756,0.6763,0,0,0,0
162,2019-08-23,,,,,,,,,,,,,,,,,,0.6764,0.6783,0.6741,0.6758,0,0,0,0
163,2019-08-26,0.67971,0.67971,0.6694,0.674,0,0,0,0,0,0,0,0,0,0,0,0,0.008400641450030149,0.6742,0.6793,0.6694,0.6779,0,0,0,0
164,2019-08-27,,,,,,,,,,,,,,,,,,0.678,0.6785,0.6751,0.676,0,0,0,0
165,2019-08-28,,,,,,,,,,,,,,,,,,0.6757,0.6767,0.6736,0.6742,0,0,0,0
166,2019-08-29,,,,,,,,,,,,,,,,,,0.6739,0.6757,0.6721,0.6731,0,0,0,0
167,2019-08-30,,,,,,,,,,,,,,,,,,0.6734,0.6744,0.671,0.6731,0,0,0,0
168,2019-09-03,0.67686,0.6863,0.669,0.67822,0,0,0,0,0,0,0,0,0.67822,0,0,0.67822,-0.002009278137281015,0.6726,0.6767,0.669,0.6764,0,0,0,0
169,2019-09-04,,,,,,,,,,,,,,,,,,0.6759,0.6804,0.6758,0.6802,0,0,0,0
170,2019-09-05,,,,,,,,,,,,,,,,,,0.68,0.6833,0.6797,0.6819,0,0,0,0
171,2019-09-06,,,,,,,,,,,,,,,,,,0.682,0.6863,0.681,0.685,0,0,0,0
172,2019-09-09,0.67754,0.6895,0.67754,0.6866,0,0,0,0,0.6866,0,0,0.6866,0,0,0,0,-0.013371904241815917,0.6849,0.6877,0.6839,0.6866,0,0,0,0
173,2019-09-10,,,,,,,,,,,,,,,,,,0.6868,0.6872,0.685,0.6863,0,0,0,0
174,2019-09-11,,,,,,,,,,,,,,,,,,0.6864,0.6888,0.685,0.6862,0.6862,0,0,0.6862
175,2019-09-12,,,,,,,,,,,,,,,,,,0.6864,0.6895,0.686,0.6867,0,0,0,0
176,2019-09-13,,,,,,,,,,,,,,,,,,0.6867,0.6891,0.6859,0.6881,0,0,0,0
177,2019-09-16,0.68207,0.69,0.6778,0.6836,0.6836,0,0,0.6836,0,0,0,0,0,0,0,0,-0.002243171521984593,0.6884,0.69,0.687,0.6886,0,0,0,0
178,2019-09-17,,,,,,,,,,,,,,,,,,0.6884,0.6887,0.6848,0.6879,0,0,0,0
179,2019-09-18,,,,,,,,,,,,,,,,,,0.6884,0.6887,0.6832,0.6843,0,0,0,0
180,2019-09-19,,,,,,,,,,,,,,,,,,0.6846,0.6849,0.6799,0.6818,0,0,0,0
181,2019-09-20,,,,,,,,,,,,,,,,,,0.6814,0.6828,0.6778,0.6782,0,0,0,0
182,2019-09-23,0.68283,0.68283,0.6757,0.67855,0,0.67855,0.67855,0,0,0.67855,0.67855,0,0,0,0,0,0.0062680315744768995,0.6784,0.6798,0.6782,0.6788,0,0,0,0
183,2019-09-24,,,,,,,,,,,,,,,,,,0.6796,0.6824,0.6782,0.6817,0,0,0,0
184,2019-09-25,,,,,,,,,,,,,,,,,,0.6816,0.6822,0.6757,0.6773,0,0,0,0
185,2019-09-26,,,,,,,,,,,,,,,,,,0.6769,0.6798,0.6762,0.6771,0,0,0,0
186,2019-09-27,,,,,,,,,,,,,,,,,,0.6764,0.6796,0.676,0.6777,0,0.6777,0.6777,0
187,2019-09-30,0.68069,0.68069,0.6688,0.6761,0,0,0,0,0,0,0,0,0,0.6761,0.6761,0,0.006743157678238233,0.6779,0.6786,0.6758,0.6768,0,0,0,0
188,2019-10-01,,,,,,,,,,,,,,,,,,0.6764,0.6793,0.6689,0.6721,0,0,0,0
189,2019-10-02,,,,,,,,,,,,,,,,,,0.6718,0.6736,0.6688,0.6722,0,0,0,0
190,2019-10-03,,,,,,,,,,,,,,,,,,0.6721,0.6768,0.6718,0.6759,0,0,0,0
191,2019-10-04,,,,,,,,,,,,,,,,,,0.6758,0.6789,0.6753,0.6784,0,0,0,0
192,2019-10-07,0.6784,0.6824,0.6722,0.67842,0,0,0,0,0,0,0,0,0,0,0,0,-2.9481132075501182e-05,0.6778,0.6781,0.6744,0.6747,0,0,0,0
193,2019-10-08,,,,,,,,,,,,,,,,,,0.6745,0.677,0.6737,0.6742,0,0,0,0
194,2019-10-09,,,,,,,,,,,,,,,,,,0.6741,0.6763,0.6736,0.674,0,0,0,0
195,2019-10-10,,,,,,,,,,,,,,,,,,0.6736,0.6787,0.6722,0.6775,0,0,0,0
196,2019-10-11,,,,,,,,,,,,,,,,,,0.6775,0.6824,0.6766,0.6813,0,0,0,0
197,2019-10-14,0.67841,0.6868,0.6735,0.68195,0,0,0,0,0.68195,0,0,0.68195,0.68195,0,0,0.68195,-0.005218083459854642,0.6811,0.6813,0.6763,0.6786,0,0,0,0
198,2019-10-15,,,,,,,,,,,,,,,,,,0.6788,0.6801,0.6756,0.6766,0,0,0,0
199,2019-10-16,,,,,,,,,,,,,,,,,,0.6764,0.6778,0.6735,0.6774,0,0,0,0
200,2019-10-17,,,,,,,,,,,,,,,,,,0.6766,0.6844,0.6765,0.6836,0,0,0,0
201,2019-10-18,,,,,,,,,,,,,,,,,,0.684,0.6868,0.6832,0.6864,0,0,0,0
202,2019-10-21,0.68018,0.6893,0.68018,0.68503,0.68503,0,0,0.68503,0,0,0,0,0,0,0,0,-0.007130465465023995,0.6861,0.6891,0.685,0.6875,0.6875,0,0,0.6875
203,2019-10-22,,,,,,,,,,,,,,,,,,0.6875,0.6893,0.686,0.6864,0,0,0,0
204,2019-10-23,,,,,,,,,,,,,,,,,,0.6863,0.6872,0.6844,0.6863,0,0,0,0
205,2019-10-24,,,,,,,,,,,,,,,,,,0.6863,0.6867,0.6821,0.6833,0,0,0,0
206,2019-10-25,,,,,,,,,,,,,,,,,,0.6829,0.6846,0.6818,0.6829,0,0,0,0
207,2019-10-28,0.6826,0.6938,0.682,0.68763,0,0,0,0,0,0,0,0,0,0,0,0,-0.007368883680046849,0.6831,0.6855,0.682,0.6848,0,0,0,0
208,2019-10-29,,,,,,,,,,,,,,,,,,0.6846,0.6881,0.6845,0.6873,0,0,0,0
209,2019-10-30,,,,,,,,,,,,,,,,,,0.6871,0.6918,0.6857,0.6886,0,0,0,0
210,2019-10-31,,,,,,,,,,,,,,,,,,0.6909,0.6938,0.6892,0.6896,0,0,0,0
211,2019-11-01,,,,,,,,,,,,,,,,,,0.6902,0.6929,0.6892,0.6916,0,0,0,0
212,2019-11-04,0.68511,0.6936,0.68511,0.6892,0,0,0,0,0,0,0,0,0,0,0,0,-0.005969844258586268,0.6918,0.6933,0.6885,0.689,0,0,0,0
213,2019-11-05,,,,,,,,,,,,,,,,,,0.6886,0.6936,0.6885,0.6899,0,0,0,0
214,2019-11-06,,,,,,,,,,,,,,,,,,0.69,0.6914,0.6876,0.6886,0,0,0,0
215,2019-11-07,,,,,,,,,,,,,,,,,,0.6888,0.6919,0.6868,0.6906,0,0,0,0
216,2019-11-08,,,,,,,,,,,,,,,,,,0.6898,0.6913,0.6853,0.6861,0,0,0,0
217,2019-11-11,0.68716,0.68716,0.6775,0.6832,0,0,0,0,0,0.6832,0.6832,0,0,0.6832,0.6832,0,0.005762849991268356,0.6864,0.6871,0.6853,0.6859,0,0,0,0
218,2019-11-12,,,,,,,,,,,,,,,,,,0.6854,0.6863,0.6838,0.685,0,0,0,0
219,2019-11-13,,,,,,,,,,,,,,,,,,0.6846,0.6863,0.6827,0.6836,0,0,0,0
220,2019-11-14,,,,,,,,,,,,,,,,,,0.684,0.6846,0.6775,0.679,0,0,0,0
221,2019-11-15,,,,,,,,,,,,,,,,,,0.679,0.6827,0.6786,0.6818,0,0,0,0
222,2019-11-18,0.68518,0.68518,0.6784,0.68083,0,0.68083,0.68083,0,0,0,0,0,0,0,0,0,0.0063486966928397864,0.682,0.6827,0.6803,0.6816,0,0,0,0
223,2019-11-19,,,,,,,,,,,,,,,,,,0.681,0.684,0.6789,0.6831,0,0.6831,0.6831,0
224,2019-11-20,,,,,,,,,,,,,,,,,,0.683,0.6835,0.6794,0.68,0,0,0,0
225,2019-11-21,,,,,,,,,,,,,,,,,,0.68,0.6818,0.6787,0.6788,0,0,0,0
226,2019-11-22,,,,,,,,,,,,,,,,,,0.6792,0.6807,0.6784,0.6789,0,0,0,0
227,2019-11-25,0.683,0.683,0.6756,0.67795,0,0,0,0,0,0,0,0,0,0,0,0,0.007393850658857977,0.6792,0.6803,0.6771,0.6779,0,0,0,0
228,2019-11-26,,,,,,,,,,,,,,,,,,0.6781,0.6799,0.677,0.6792,0,0,0,0
229,2019-11-27,,,,,,,,,,,,,,,,,,0.6787,0.6795,0.6775,0.6781,0,0,0,0
230,2019-11-29,,,,,,,,,,,,,,,,,,0.6779,0.6782,0.6756,0.6767,0,0,0,0
231,2019-12-02,0.68048,0.6864,0.6764,0.68088,0,0,0,0,0,0,0,0,0,0,0,0,-0.0005878203620974415,0.6768,0.6828,0.6764,0.6824,0,0,0,0
232,2019-12-03,,,,,,,,,,,,,,,,,,0.6819,0.6864,0.6818,0.6844,0,0,0,0
233,2019-12-04,,,,,,,,,,,,,,,,,,0.685,0.6856,0.6814,0.6853,0,0,0,0
234,2019-12-05,,,,,,,,,,,,,,,,,,0.6848,0.6856,0.6822,0.6833,0,0,0,0
235,2019-12-06,,,,,,,,,,,,,,,,,,0.6834,0.6859,0.6825,0.6839,0,0,0,0
236,2019-12-09,0.68068,0.6937,0.6801,0.68612,0.68612,0,0,0.68612,0.68612,0,0,0.68612,0.68612,0,0,0.68612,-0.007992007992007994,0.6838,0.6839,0.6821,0.6833,0,0,0,0
237,2019-12-10,,,,,,,,,,,,,,,,,,0.6825,0.6838,0.6801,0.6816,0,0,0,0
238,2019-12-11,,,,,,,,,,,,,,,,,,0.6808,0.689,0.6806,0.6889,0.6889,0,0,0.6889
239,2019-12-12,,,,,,,,,,,,,,,,,,0.6873,0.6913,0.6868,0.69,0,0,0,0
240,2019-12-13,,,,,,,,,,,,,,,,,,0.6925,0.6937,0.6864,0.6869,0,0,0,0
241,2019-12-16,0.6834,0.6921,0.6834,0.68945,0,0,0,0,0,0,0,0,0,0,0,0,-0.008852794849282997,0.6887,0.6913,0.6883,0.6906,0,0,0,0
242,2019-12-17,,,,,,,,,,,,,,,,,,0.6892,0.6893,0.6853,0.6864,0,0,0,0
243,2019-12-18,,,,,,,,,,,,,,,,,,0.6863,0.688,0.6853,0.6868,0,0,0,0
244,2019-12-19,,,,,,,,,,,,,,,,,,0.6865,0.6903,0.6864,0.6901,0,0,0,0
245,2019-12-20,,,,,,,,,,,,,,,,,,0.6898,0.6921,0.6897,0.6917,0,0,0,0
246,2019-12-23,0.68642,0.7002,0.68642,0.69555,0,0,0,0,0,0,0,0,0,0,0,0,-0.013300894496081074,0.691,0.6943,0.6909,0.6938,0,0,0,0
247,2019-12-24,,,,,,,,,,,,,,,,,,0.693,0.6944,0.6926,0.6938,0,0,0,0
248,2019-12-26,,,,,,,,,,,,,,,,,,0.6933,0.6965,0.6933,0.6959,0,0,0,0
249,2019-12-27,,,,,,,,,,,,,,,,,,0.6958,0.7002,0.6955,0.7001,0,0,0,0
250,2019-12-30,0.69099,0.7045,0.69099,0.69885,0,0,0,0,0,0,0,0,0,0,0,0,-0.01137498371901182,0.6996,0.7019,0.6992,0.7013,0,0,0,0
251,2019-12-31,,,,,,,,,,,,,,,,,,0.7012,0.7045,0.7011,0.7038,0,0,0,0
252,2020-01-02,,,,,,,,,,,,,,,,,,0.7024,0.7033,0.6991,0.6994,0,0,0,0
253,2020-01-03,,,,,,,,,,,,,,,,,,0.6997,0.6999,0.6943,0.697,0,0,0,0
254,2020-01-06,0.69492,0.697,0.6859,0.69245,0,0,0,0,0,0,0,0,0,0.69245,0.69245,0,0.0035543659701835783,0.6949,0.697,0.6937,0.6946,0,0,0,0
255,2020-01-07,,,,,,,,,,,,,,,,,,0.6952,0.6952,0.6871,0.688,0,0,0,0
256,2020-01-08,,,,,,,,,,,,,,,,,,0.688,0.6896,0.6859,0.6883,0,0,0,0
257,2020-01-09,,,,,,,,,,,,,,,,,,0.6875,0.6891,0.686,0.6861,0,0,0,0
258,2020-01-10,,,,,,,,,,,,,,,,,,0.6865,0.6921,0.6862,0.692,0,0,0,0
259,2020-01-13,0.69368,0.6943,0.688,0.69047,0,0,0,0,0,0.69047,0.69047,0,0,0,0,0,0.004627493945334932,0.6909,0.693,0.6905,0.6916,0,0,0,0
260,2020-01-14,,,,,,,,,,,,,,,,,,0.6912,0.6919,0.6895,0.6914,0,0,0,0
261,2020-01-15,,,,,,,,,,,,,,,,,,0.691,0.6926,0.6887,0.6913,0,0,0,0
262,2020-01-16,,,,,,,,,,,,,,,,,,0.6914,0.6943,0.6897,0.6904,0,0,0,0
263,2020-01-17,,,,,,,,,,,,,,,,,,0.6906,0.6921,0.688,0.6887,0,0.6887,0.6887,0
264,2020-01-21,0.69208,0.69208,0.6823,0.68588,0,0.68588,0.68588,0,0,0,0,0,0,0,0,0,0.00895850190729393,0.6885,0.6898,0.6851,0.6854,0,0,0,0
265,2020-01-22,,,,,,,,,,,,,,,,,,0.6851,0.6865,0.6836,0.6852,0,0,0,0
266,2020-01-23,,,,,,,,,,,,,,,,,,0.6849,0.6887,0.6836,0.6848,0,0,0,0
267,2020-01-24,,,,,,,,,,,,,,,,,,0.6848,0.6863,0.6823,0.6829,0,0,0,0
268,2020-01-27,0.68898,0.68898,0.6688,0.67593,0,0,0,0,0,0,0,0,0,0,0,0,0.01894104328137247,0.6823,0.6823,0.6758,0.6764,0,0,0,0
269,2020-01-28,,,,,,,,,,,,,,,,,,0.6767,0.6771,0.6744,0.6758,0,0,0,0
270,2020-01-29,,,,,,,,,,,,,,,,,,0.6766,0.6783,0.6742,0.6767,0,0,0,0
271,2020-01-30,,,,,,,,,,,,,,,,,,0.6754,0.6761,0.6706,0.6714,0,0,0,0
272,2020-01-31,,,,,,,,,,,,,,,,,,0.6725,0.6735,0.6688,0.6703,0,0,0,0
273,2020-02-03,0.68245,0.68245,0.6666,0.67038,0,0,0,0,0,0,0,0,0,0,0,0,0.017686277382958495,0.6689,0.6712,0.6687,0.6693,0,0,0,0
274,2020-02-04,,,,,,,,,,,,,,,,,,0.6694,0.6747,0.6684,0.6742,0,0,0,0
275,2020-02-05,,,,,,,,,,,,,,,,,,0.6744,0.6779,0.6729,0.675,0,0,0,0
276,2020-02-06,,,,,,,,,,,,,,,,,,0.675,0.6769,0.6731,0.6735,0,0,0,0
277,2020-02-07,,,,,,,,,,,,,,,,,,0.6735,0.674,0.6666,0.6681,0,0,0,0
278,2020-02-10,0.67641,0.67641,0.6671,0.67043,0,0,0,0,0,0,0,0,0,0,0,0,0.008840791827441914,0.6678,0.6711,0.6671,0.6683,0,0,0,0
279,2020-02-11,,,,,,,,,,,,,,,,,,0.6688,0.6741,0.6685,0.6719,0,0,0,0
280,2020-02-12,,,,,,,,,,,,,,,,,,0.6719,0.6754,0.6716,0.6738,0,0,0,0
281,2020-02-13,,,,,,,,,,,,,,,,,,0.6739,0.675,0.671,0.6728,0,0,0,0
282,2020-02-14,,,,,,,,,,,,,,,,,,0.6721,0.6735,0.6713,0.6714,0,0,0,0
283,2020-02-18,0.67342,0.6737,0.6588,0.667,0,0,0,0,0,0,0,0,0,0,0,0,0.00953342639066256,0.6721,0.6737,0.6677,0.669,0,0,0,0
284,2020-02-19,,,,,,,,,,,,,,,,,,0.6689,0.6711,0.6668,0.6676,0,0,0,0
285,2020-02-20,,,,,,,,,,,,,,,,,,0.6678,0.6699,0.6613,0.6617,0,0,0,0
286,2020-02-21,,,,,,,,,,,,,,,,,,0.6614,0.6642,0.6588,0.6634,0,0,0,0
287,2020-02-24,0.67021,0.67021,0.6437,0.65463,0,0,0,0,0,0,0,0,0,0,0,0,0.023246445144059217,0.6599,0.6622,0.659,0.66,0,0,0,0
288,2020-02-25,,,,,,,,,,,,,,,,,,0.6603,0.6625,0.6588,0.6602,0,0,0,0
289,2020-02-26,,,,,,,,,,,,,,,,,,0.6601,0.6609,0.6545,0.656,0,0,0,0
290,2020-02-27,,,,,,,,,,,,,,,,,,0.6551,0.6594,0.6546,0.6586,0,0,0,0
291,2020-02-28,,,,,,,,,,,,,,,,,,0.6575,0.6588,0.6437,0.6524,0,0,0,0
292,2020-03-02,0.66242,0.6658,0.6486,0.6568,0,0,0,0,0,0,0,0,0,0,0,0,0.008484043356178797,0.6488,0.6571,0.6486,0.6534,0,0,0,0
293,2020-03-03,,,,,,,,,,,,,,,,,,0.6545,0.6647,0.6512,0.6598,0,0,0,0
294,2020-03-04,,,,,,,,,,,,,,,,,,0.659,0.6629,0.6579,0.6615,0,0,0,0
295,2020-03-05,,,,,,,,,,,,,,,,,,0.662,0.6638,0.6584,0.6594,0,0,0,0
296,2020-03-06,,,,,,,,,,,,,,,,,,0.6614,0.6658,0.6586,0.664,0,0,0,0
297,2020-03-09,0.65961,0.6686,0.6126,0.63885,0,0,0,0,0,0,0,0,0,0,0,0,0.031473143220994225,0.6594,0.6686,0.6312,0.6601,0,0,0,0
298,2020-03-10,,,,,,,,,,,,,,,,,,0.6589,0.6614,0.6463,0.649,0,0,0,0
299,2020-03-11,,,,,,,,,,,,,,,,,,0.6497,0.6541,0.6483,0.6497,0,0,0,0
300,2020-03-12,,,,,,,,,,,,,,,,,,0.6485,0.6492,0.6214,0.6323,0,0,0,0
301,2020-03-13,,,,,,,,,,,,,,,,,,0.63,0.6327,0.6126,0.6148,0,0,0,0
302,2020-03-16,0.64923,0.64923,0.551,0.59652,0,0,0,0,0,0,0,0,0,0,0,0,0.08118848482047954,0.6272,0.6274,0.6078,0.6123,0,0,0,0
303,2020-03-17,,,,,,,,,,,,,,,,,,0.6106,0.6147,0.5958,0.5994,0,0,0,0
304,2020-03-18,,,,,,,,,,,,,,,,,,0.6011,0.6031,0.5703,0.578,0,0,0,0
305,2020-03-19,,,,,,,,,,,,,,,,,,0.5786,0.5964,0.551,0.5781,0,0,0,0
306,2020-03-20,,,,,,,,,,,,,,,,,,0.5739,0.5987,0.5667,0.5805,0,0,0,0
307,2020-03-23,0.62288,0.62288,0.5701,0.59747,0,0,0,0,0,0,0,0,0,0,0,0,0.04079437451836637,0.5803,0.5848,0.5701,0.5792,0,0,0,0
308,2020-03-24,,,,,,,,,,,,,,,,,,0.582,0.5978,0.5813,0.5917,0,0,0,0
309,2020-03-25,,,,,,,,,,,,,,,,,,0.5969,0.6075,0.5934,0.5966,0,0,0,0
310,2020-03-26,,,,,,,,,,,,,,,,,,0.5964,0.6092,0.5874,0.6082,0,0,0,0
311,2020-03-27,,,,,,,,,,,,,,,,,,0.6047,0.6202,0.6024,0.6193,0,0,0,0
312,2020-03-30,0.61018,0.6215,0.5983,0.60893,0,0,0,0,0,0,0,0,0,0,0,0,0.002048575830082883,0.6157,0.6186,0.6114,0.6154,0,0,0,0
313,2020-03-31,,,,,,,,,,,,,,,,,,0.6167,0.6215,0.6074,0.6143,0,0,0,0
314,2020-04-01,,,,,,,,,,,,,,,,,,0.6157,0.6188,0.6041,0.6074,0,0,0,0
315,2020-04-02,,,,,,,,,,,,,,,,,,0.6069,0.6121,0.6008,0.6049,0,0,0,0
316,2020-04-03,,,,,,,,,,,,,,,,,,0.6064,0.6077,0.5983,0.6002,0,0,0,0
317,2020-04-06,0.60955,0.6365,0.5993,0.61667,0,0,0,0,0.61667,0,0,0.61667,0.61667,0,0,0.61667,-0.011680748092855409,0.6,0.6107,0.5993,0.6092,0,0,0,0
318,2020-04-07,,,,,,,,,,,,,,,,,,0.6086,0.621,0.6078,0.6197,0,0,0,0
319,2020-04-08,,,,,,,,,,,,,,,,,,0.617,0.6247,0.6117,0.6237,0,0,0,0
320,2020-04-09,,,,,,,,,,,,,,,,,,0.6235,0.6365,0.6196,0.6309,0,0,0,0
321,2020-04-13,0.61311,0.6447,0.61311,0.6356,0,0,0,0,0,0,0,0,0,0,0,0,-0.03668183523348177,0.6358,0.6412,0.6326,0.6403,0,0,0,0
322,2020-04-14,,,,,,,,,,,,,,,,,,0.6387,0.6447,0.6376,0.6437,0.6437,0,0,0.6437
323,2020-04-15,,,,,,,,,,,,,,,,,,0.6446,0.6447,0.6285,0.633,0,0,0,0
324,2020-04-16,,,,,,,,,,,,,,,,,,0.6324,0.6335,0.6265,0.6312,0,0,0,0
325,2020-04-17,,,,,,,,,,,,,,,,,,0.636,0.6386,0.6316,0.6354,0,0,0,0
326,2020-04-20,0.62436,0.6407,0.62436,0.63523,0.63523,0,0,0.63523,0,0,0,0,0,0,0,0,-0.017409827663527347,0.6366,0.6398,0.6333,0.6347,0,0,0,0
327,2020-04-21,,,,,,,,,,,,,,,,,,0.6335,0.6348,0.6254,0.6285,0,0,0,0
328,2020-04-22,,,,,,,,,,,,,,,,,,0.6288,0.6355,0.6278,0.6323,0,0,0,0
329,2020-04-23,,,,,,,,,,,,,,,,,,0.6323,0.6407,0.6283,0.6388,0,0,0,0
330,2020-04-24,,,,,,,,,,,,,,,,,,0.6374,0.64,0.6338,0.6382,0,0,0,0
331,2020-04-27,0.62979,0.6571,0.62979,0.6439,0,0,0,0,0,0,0,0,0,0,0,0,-0.022404293494657057,0.6388,0.6473,0.6384,0.6466,0,0,0,0
332,2020-04-28,,,,,,,,,,,,,,,,,,0.6466,0.6515,0.6435,0.6501,0,0,0,0
333,2020-04-29,,,,,,,,,,,,,,,,,,0.6493,0.6559,0.6491,0.6543,0,0,0,0
334,2020-04-30,,,,,,,,,,,,,,,,,,0.6558,0.6571,0.6492,0.6523,0,0,0,0
335,2020-05-01,,,,,,,,,,,,,,,,,,0.6502,0.6506,0.6411,0.6413,0,0,0,0
336,2020-05-04,0.63684,0.6548,0.63684,0.64638,0,0,0,0,0,0,0,0,0,0,0,0,-0.014980214810627463,0.6407,0.6436,0.6373,0.6426,0,0,0,0
337,2020-05-05,,,,,,,,,,,,,,,,,,0.6426,0.6477,0.6418,0.6459,0,0,0,0
338,2020-05-06,,,,,,,,,,,,,,,,,,0.6431,0.6454,0.6394,0.6417,0,0,0,0
339,2020-05-07,,,,,,,,,,,,,,,,,,0.6399,0.6507,0.638,0.6488,0,0,0,0
340,2020-05-08,,,,,,,,,,,,,,,,,,0.6495,0.6548,0.6494,0.6527,0,0,0,0
341,2020-05-11,0.64161,0.6563,0.6403,0.64773,0,0,0,0,0,0,0,0,0,0,0,0,-0.009538504699116308,0.6524,0.6563,0.6456,0.6484,0,0,0,0
342,2020-05-12,,,,,,,,,,,,,,,,,,0.6492,0.6537,0.6432,0.6492,0,0,0,0
343,2020-05-13,,,,,,,,,,,,,,,,,,0.6476,0.6525,0.6438,0.644,0,0,0,0
344,2020-05-14,,,,,,,,,,,,,,,,,,0.6453,0.6469,0.6404,0.6434,0,0,0,0
345,2020-05-15,,,,,,,,,,,,,,,,,,0.6464,0.6474,0.6403,0.6419,0,0,0,0
346,2020-05-18,0.64467,0.6617,0.6413,0.64933,0,0,0,0,0,0,0,0,0,0,0,0,-0.007228504506181454,0.6414,0.6528,0.6413,0.6515,0,0,0,0
347,2020-05-19,,,,,,,,,,,,,,,,,,0.6519,0.6586,0.651,0.6567,0,0,0,0
348,2020-05-20,,,,,,,,,,,,,,,,,,0.6533,0.6617,0.6526,0.6601,0,0,0,0
349,2020-05-21,,,,,,,,,,,,,,,,,,0.6597,0.6599,0.6549,0.6565,0,0,0,0
350,2020-05-22,,,,,,,,,,,,,,,,,,0.6562,0.6573,0.6507,0.6529,0,0,0,0
351,2020-05-26,0.647,0.6684,0.647,0.65992,0,0,0,0,0,0,0,0,0,0,0,0,-0.019969088098917977,0.6534,0.6676,0.6519,0.6675,0,0,0,0
352,2020-05-27,,,,,,,,,,,,,,,,,,0.665,0.6681,0.6567,0.6607,0,0,0,0
353,2020-05-28,,,,,,,,,,,,,,,,,,0.6617,0.6668,0.6589,0.6659,0,0,0,0
354,2020-05-29,,,,,,,,,,,,,,,,,,0.6622,0.6684,0.6619,0.666,0,0,0,0
355,2020-06-01,0.65346,0.7014,0.65346,0.68235,0,0,0,0,0,0,0,0,0,0,0,0,-0.044210816270314895,0.6664,0.6805,0.6648,0.6798,0,0,0,0
356,2020-06-02,,,,,,,,,,,,,,,,,,0.6801,0.6899,0.6776,0.6889,0,0,0,0
357,2020-06-03,,,,,,,,,,,,,,,,,,0.6891,0.6984,0.6857,0.6933,0,0,0,0
358,2020-06-04,,,,,,,,,,,,,,,,,,0.6923,0.6988,0.6882,0.694,0,0,0,0
359,2020-06-05,,,,,,,,,,,,,,,,,,0.6941,0.7014,0.6931,0.6968,0,0,0,0
360,2020-06-08,0.6679,0.7065,0.6679,0.69203,0,0,0,0,0,0,0,0,0,0,0,0,-0.036128162898637496,0.6973,0.703,0.6962,0.7022,0,0,0,0
361,2020-06-09,,,,,,,,,,,,,,,,,,0.7016,0.7044,0.6899,0.6966,0,0,0,0
362,2020-06-10,,,,,,,,,,,,,,,,,,0.6956,0.7065,0.6933,0.702,0,0,0,0
363,2020-06-11,,,,,,,,,,,,,,,,,,0.6998,0.7005,0.684,0.6848,0,0,0,0
364,2020-06-12,,,,,,,,,,,,,,,,,,0.6845,0.691,0.6801,0.6842,0,0,0,0
365,2020-06-15,0.67997,0.6979,0.6777,0.68583,0,0,0,0,0,0,0,0,0,0,0,0,-0.008618027265908918,0.6827,0.6926,0.6777,0.6916,0,0,0,0
366,2020-06-16,,,,,,,,,,,,,,,,,,0.692,0.6979,0.6832,0.6894,0,0,0,0
367,2020-06-17,,,,,,,,,,,,,,,,,,0.6883,0.6924,0.6853,0.6891,0,0,0,0
368,2020-06-18,,,,,,,,,,,,,,,,,,0.6885,0.6904,0.6837,0.6848,0,0,0,0
369,2020-06-19,,,,,,,,,,,,,,,,,,0.6847,0.6913,0.6829,0.685,0,0,0,0
370,2020-06-22,0.6829,0.6976,0.6812,0.68693,0,0,0,0,0,0,0,0,0,0.68693,0.68693,0,-0.005901303265485561,0.6823,0.6924,0.6812,0.6918,0,0,0,0
371,2020-06-23,,,,,,,,,,,,,,,,,,0.6912,0.6976,0.686,0.6937,0,0,0,0
372,2020-06-24,,,,,,,,,,,,,,,,,,0.6929,0.6963,0.6864,0.6868,0,0,0,0
373,2020-06-25,,,,,,,,,,,,,,,,,,0.6871,0.6894,0.6849,0.6874,0,0,0,0
374,2020-06-26,,,,,,,,,,,,,,,,,,0.6888,0.6897,0.6842,0.6866,0,0,0,0
375,2020-06-29,0.68491,0.6953,0.6835,0.689,0,0,0,0,0,0,0,0,0,0,0,0,-0.005971587507847639,0.6852,0.6893,0.6843,0.6862,0,0,0,0
376,2020-06-30,,,,,,,,,,,,,,,,,,0.6866,0.6915,0.6835,0.69,0,0,0,0
377,2020-07-01,,,,,,,,,,,,,,,,,,0.6905,0.6946,0.6879,0.6917,0,0,0,0
378,2020-07-02,,,,,,,,,,,,,,,,,,0.6915,0.6953,0.6904,0.692,0,0,0,0
379,2020-07-06,0.68695,0.7002,0.68695,0.6952,0,0,0,0,0,0,0,0,0,0,0,0,-0.012009607686149051,0.6934,0.6989,0.6934,0.6978,0,0,0,0
380,2020-07-07,,,,,,,,,,,,,,,,,,0.6977,0.6999,0.6923,0.696,0,0,0,0
381,2020-07-08,,,,,,,,,,,,,,,,,,0.6948,0.6989,0.6929,0.6984,0,0,0,0
382,2020-07-09,,,,,,,,,,,,,,,,,,0.6982,0.7002,0.6951,0.6967,0,0,0,0
383,2020-07-10,,,,,,,,,,,,,,,,,,0.6963,0.6972,0.6925,0.6949,0,0,0,0
384,2020-07-13,0.69108,0.7039,0.69108,0.69798,0,0,0,0,0,0,0,0,0,0,0,0,-0.009984372286855382,0.6956,0.6995,0.6941,0.6965,0,0,0,0
385,2020-07-14,,,,,,,,,,,,,,,,,,0.6943,0.698,0.6922,0.697,0,0,0,0
386,2020-07-15,,,,,,,,,,,,,,,,,,0.6979,0.7039,0.6979,0.7001,0,0,0,0
387,2020-07-16,,,,,,,,,,,,,,,,,,0.7009,0.7014,0.6964,0.6969,0,0,0,0
388,2020-07-17,,,,,,,,,,,,,,,,,,0.6972,0.7007,0.6971,0.7002,0,0,0,0
389,2020-07-20,0.69453,0.7185,0.69453,0.7062,0,0,0,0,0,0,0,0,0,0,0,0,-0.016802729903675966,0.6992,0.7019,0.6973,0.7013,0,0,0,0
390,2020-07-21,,,,,,,,,,,,,,,,,,0.7016,0.7149,0.7016,0.7146,0,0,0,0
391,2020-07-22,,,,,,,,,,,,,,,,,,0.7135,0.7185,0.7114,0.7142,0,0,0,0
392,2020-07-23,,,,,,,,,,,,,,,,,,0.714,0.7163,0.7092,0.7109,0,0,0,0
393,2020-07-24,,,,,,,,,,,,,,,,,,0.7101,0.7127,0.7065,0.7098,0,0,0,0
394,2020-07-27,0.70036,0.7229,0.70036,0.71408,0,0,0,0,0,0,0,0,0.71408,0,0,0.71408,-0.019589925181335406,0.7098,0.7151,0.7089,0.7143,0,0,0,0
395,2020-07-28,,,,,,,,,,,,,,,,,,0.7148,0.7178,0.7115,0.7163,0,0,0,0
396,2020-07-29,,,,,,,,,,,,,,,,,,0.7158,0.7198,0.7151,0.7171,0,0,0,0
397,2020-07-30,,,,,,,,,,,,,,,,,,0.7192,0.7199,0.7123,0.7179,0,0,0,0
398,2020-07-31,,,,,,,,,,,,,,,,,,0.7192,0.7229,0.7134,0.7147,0,0,0,0
399,2020-08-03,0.70722,0.7244,0.70722,0.71518,0,0,0,0,0,0,0,0,0,0,0,0,-0.011255337801532874,0.7136,0.7152,0.7077,0.712,0,0,0,0
400,2020-08-04,,,,,,,,,,,,,,,,,,0.7125,0.7169,0.7107,0.7156,0,0,0,0
401,2020-08-05,,,,,,,,,,,,,,,,,,0.7162,0.7242,0.7155,0.7193,0,0,0,0
402,2020-08-06,,,,,,,,,,,,,,,,,,0.7194,0.7241,0.7175,0.7235,0,0,0,0
403,2020-08-07,,,,,,,,,,,,,,,,,,0.7237,0.7244,0.7145,0.715,0,0,0,0
404,2020-08-10,0.7112,0.719,0.7109,0.71572,0,0,0,0,0,0,0,0,0,0.71572,0.71572,0,-0.006355455568053949,0.7156,0.7185,0.7141,0.7152,0,0,0,0
405,2020-08-11,,,,,,,,,,,,,,,,,,0.7152,0.719,0.7135,0.7153,0,0,0,0
406,2020-08-12,,,,,,,,,,,,,,,,,,0.7143,0.7177,0.7109,0.7163,0,0,0,0
407,2020-08-13,,,,,,,,,,,,,,,,,,0.7163,0.7189,0.7137,0.7143,0,0,0,0
408,2020-08-14,,,,,,,,,,,,,,,,,,0.7149,0.7176,0.7133,0.7174,0,0,0,0
409,2020-08-17,0.71346,0.7276,0.71346,0.7187,0,0,0,0,0,0,0,0,0,0,0,0,-0.007344490230706728,0.7174,0.7228,0.7172,0.7209,0,0,0,0
410,2020-08-18,,,,,,,,,,,,,,,,,,0.7214,0.7265,0.7209,0.7245,0,0,0,0
411,2020-08-19,,,,,,,,,,,,,,,,,,0.7244,0.7276,0.718,0.7205,0,0,0,0
412,2020-08-20,,,,,,,,,,,,,,,,,,0.7186,0.7204,0.7137,0.7194,0,0,0,0
413,2020-08-21,,,,,,,,,,,,,,,,,,0.7195,0.7217,0.714,0.7161,0,0,0,0
414,2020-08-24,0.71608,0.7368,0.715,0.72598,0,0,0,0,0,0,0,0,0,0,0,0,-0.013825270919450213,0.7164,0.7205,0.7153,0.7162,0,0,0,0
415,2020-08-25,,,,,,,,,,,,,,,,,,0.7164,0.7199,0.715,0.7196,0,0,0,0
416,2020-08-26,,,,,,,,,,,,,,,,,,0.7194,0.7241,0.7188,0.7227,0,0,0,0
417,2020-08-27,,,,,,,,,,,,,,,,,,0.7234,0.7292,0.7217,0.726,0,0,0,0
418,2020-08-28,,,,,,,,,,,,,,,,,,0.7261,0.7368,0.7255,0.7357,0,0,0,0
419,2020-08-31,0.72103,0.7414,0.72103,0.7324,0,0,0,0,0,0,0,0,0.7324,0,0,0.7324,-0.015769108081494673,0.7362,0.7404,0.7341,0.7389,0,0,0,0
420,2020-09-01,,,,,,,,,,,,,,,,,,0.7377,0.7414,0.7359,0.7368,0,0,0,0
421,2020-09-02,,,,,,,,,,,,,,,,,,0.7377,0.7383,0.7301,0.7317,0,0,0,0
422,2020-09-03,,,,,,,,,,,,,,,,,,0.7334,0.7338,0.7266,0.7275,0,0,0,0
423,2020-09-04,,,,,,,,,,,,,,,,,,0.7271,0.7299,0.7222,0.7298,0,0,0,0
424,2020-09-08,0.72671,0.7325,0.7192,0.7269,0,0,0,0,0,0,0,0,0,0.7269,0.7269,0,-0.0002614522987161639,0.7285,0.731,0.721,0.7216,0,0,0,0
425,2020-09-09,,,,,,,,,,,,,,,,,,0.7203,0.7288,0.7192,0.7271,0,0,0,0
426,2020-09-10,,,,,,,,,,,,,,,,,,0.7282,0.7325,0.7248,0.7267,0,0,0,0
427,2020-09-11,,,,,,,,,,,,,,,,,,0.7259,0.7306,0.7258,0.7274,0,0,0,0
428,2020-09-14,0.72681,0.7347,0.7256,0.72972,0,0,0,0,0,0,0,0,0,0,0,0,-0.004003797416106107,0.7285,0.7306,0.7267,0.7294,0,0,0,0
429,2020-09-15,,,,,,,,,,,,,,,,,,0.7292,0.7345,0.727,0.731,0,0,0,0
430,2020-09-16,,,,,,,,,,,,,,,,,,0.7303,0.7347,0.728,0.7298,0,0,0,0
431,2020-09-17,,,,,,,,,,,,,,,,,,0.7304,0.7317,0.7256,0.7306,0,0,0,0
432,2020-09-18,,,,,,,,,,,,,,,,,,0.7313,0.7336,0.7284,0.7301,0,0,0,0
433,2020-09-21,0.72827,0.7326,0.7008,0.71645,0,0,0,0,0,0.71645,0.71645,0,0,0,0,0,0.01623024427753435,0.7298,0.7326,0.72,0.7209,0,0,0,0
434,2020-09-22,,,,,,,,,,,,,,,,,,0.7224,0.7237,0.7156,0.7168,0,0,0,0
435,2020-09-23,,,,,,,,,,,,,,,,,,0.717,0.7179,0.707,0.7078,0,0,0,0
436,2020-09-24,,,,,,,,,,,,,,,,,,0.7076,0.7083,0.7017,0.7052,0,0.7052,0.7052,0
437,2020-09-25,,,,,,,,,,,,,,,,,,0.7047,0.7088,0.7008,0.7026,0,0,0,0
438,2020-09-28,0.72236,0.72236,0.7033,0.71098,0,0.71098,0.71098,0,0,0,0,0,0,0,0,0,0.015753917714159224,0.7034,0.7076,0.7033,0.707,0,0,0,0
439,2020-09-29,,,,,,,,,,,,,,,,,,0.7072,0.714,0.7071,0.713,0,0,0,0
440,2020-09-30,,,,,,,,,,,,,,,,,,0.7129,0.7177,0.7101,0.7163,0,0,0,0
441,2020-10-01,,,,,,,,,,,,,,,,,,0.7164,0.7211,0.7157,0.7194,0,0,0,0
442,2020-10-02,,,,,,,,,,,,,,,,,,0.7187,0.7191,0.7133,0.7161,0,0,0,0
443,2020-10-05,0.71667,0.7245,0.7098,0.71852,0,0,0,0,0,0,0,0,0,0,0,0,-0.002581383342403084,0.7164,0.7194,0.716,0.7176,0,0,0,0
444,2020-10-06,,,,,,,,,,,,,,,,,,0.7182,0.7211,0.7101,0.7121,0,0,0,0
445,2020-10-07,,,,,,,,,,,,,,,,,,0.7104,0.7153,0.7098,0.7142,0,0,0,0
446,2020-10-08,,,,,,,,,,,,,,,,,,0.7142,0.7172,0.7124,0.7166,0,0,0,0
447,2020-10-09,,,,,,,,,,,,,,,,,,0.7168,0.7245,0.7168,0.7234,0,0,0,0
448,2020-10-12,0.7176,0.7237,0.7057,0.71527,0,0,0,0,0,0,0,0,0,0,0,0,0.00324693422519517,0.723,0.7237,0.7203,0.7214,0,0,0,0
449,2020-10-13,,,,,,,,,,,,,,,,,,0.721,0.7212,0.7152,0.7155,0,0,0,0
450,2020-10-14,,,,,,,,,,,,,,,,,,0.7159,0.7193,0.7154,0.7167,0,0,0,0
451,2020-10-15,,,,,,,,,,,,,,,,,,0.7166,0.7169,0.7057,0.7093,0,0,0,0
452,2020-10-16,,,,,,,,,,,,,,,,,,0.7094,0.7098,0.7072,0.7087,0,0,0,0
453,2020-10-19,0.71644,0.71644,0.7022,0.70993,0,0,0,0,0,0,0,0,0,0,0,0,0.009086594829992764,0.708,0.7116,0.7059,0.7065,0,0,0,0
454,2020-10-20,,,,,,,,,,,,,,,,,,0.7065,0.7074,0.7022,0.7066,0,0,0,0
455,2020-10-21,,,,,,,,,,,,,,,,,,0.7048,0.7138,0.7048,0.7128,0,0,0,0
456,2020-10-22,,,,,,,,,,,,,,,,,,0.7115,0.7127,0.7087,0.7115,0,0,0,0
457,2020-10-23,,,,,,,,,,,,,,,,,,0.7117,0.716,0.7103,0.7135,0,0,0,0
458,2020-10-26,0.71318,0.7159,0.7003,0.70832,0,0,0,0,0,0,0,0,0,0,0,0,0.00681454892173096,0.7141,0.7148,0.7104,0.7127,0,0,0,0
459,2020-10-27,,,,,,,,,,,,,,,,,,0.7123,0.7149,0.7117,0.7134,0,0,0,0
460,2020-10-28,,,,,,,,,,,,,,,,,,0.7124,0.7159,0.7039,0.7061,0,0,0,0
461,2020-10-29,,,,,,,,,,,,,,,,,,0.7049,0.7077,0.7003,0.7027,0,0,0,0
462,2020-10-30,,,,,,,,,,,,,,,,,,0.7031,0.7073,0.7013,0.703,0,0,0,0
463,2020-11-02,0.71075,0.7291,0.6992,0.71432,0,0,0,0,0.71432,0,0,0.71432,0.71432,0,0,0.71432,-0.005022863172704836,0.7021,0.7059,0.6992,0.705,0,0,0,0
464,2020-11-03,,,,,,,,,,,,,,,,,,0.7052,0.7176,0.703,0.7143,0,0,0,0
465,2020-11-04,,,,,,,,,,,,,,,,,,0.7166,0.7224,0.7051,0.7191,0,0,0,0
466,2020-11-05,,,,,,,,,,,,,,,,,,0.717,0.7291,0.7147,0.7287,0,0,0,0
467,2020-11-06,,,,,,,,,,,,,,,,,,0.7264,0.7288,0.724,0.7269,0.7269,0,0,0.7269
468,2020-11-09,0.71254,0.7342,0.71254,0.72777,0.72777,0,0,0.72777,0,0,0,0,0,0,0,0,-0.0213742386392344,0.728,0.7342,0.7268,0.7294,0,0,0,0
469,2020-11-10,,,,,,,,,,,,,,,,,,0.7273,0.7296,0.7254,0.7283,0,0,0,0
470,2020-11-11,,,,,,,,,,,,,,,,,,0.7287,0.732,0.7261,0.7277,0,0,0,0
471,2020-11-12,,,,,,,,,,,,,,,,,,0.728,0.7295,0.7225,0.7239,0,0,0,0
472,2020-11-13,,,,,,,,,,,,,,,,,,0.7233,0.7275,0.7223,0.7266,0,0,0,0
473,2020-11-16,0.72016,0.7341,0.72016,0.72945,0,0,0,0,0,0,0,0,0,0,0,0,-0.012899911130859837,0.7268,0.7328,0.7268,0.7315,0,0,0,0
474,2020-11-17,,,,,,,,,,,,,,,,,,0.7316,0.7341,0.729,0.7307,0,0,0,0
475,2020-11-18,,,,,,,,,,,,,,,,,,0.7299,0.7333,0.7274,0.7321,0,0,0,0
476,2020-11-19,,,,,,,,,,,,,,,,,,0.7304,0.7307,0.7256,0.7292,0,0,0,0
477,2020-11-20,,,,,,,,,,,,,,,,,,0.7277,0.7326,0.7267,0.7313,0,0,0,0
478,2020-11-23,0.7248,0.74005,0.7248,0.73404,0,0,0,0,0,0,0,0,0,0,0,0,-0.012748344370860963,0.73035,0.73385,0.7266,0.7292,0,0,0,0
479,2020-11-24,,,,,,,,,,,,,,,,,,0.7287,0.73685,0.72865,0.7355,0,0,0,0
480,2020-11-25,,,,,,,,,,,,,,,,,,0.73605,0.73745,0.73265,0.7367,0,0,0,0
481,2020-11-27,,,,,,,,,,,,,,,,,,0.7364,0.74005,0.73535,0.73915,0,0,0,0
482,2020-11-30,0.72942,0.74505,0.72942,0.74049,0,0,0,0,0,0,0,0,0,0,0,0,-0.015176441556305044,0.7389,0.74085,0.734,0.73545,0,0,0,0
483,2020-12-01,,,,,,,,,,,,,,,,,,0.7345,0.73745,0.73425,0.73645,0,0,0,0
484,2020-12-02,,,,,,,,,,,,,,,,,,0.73735,0.74205,0.7352,0.7402,0,0,0,0
485,2020-12-03,,,,,,,,,,,,,,,,,,0.7414,0.74505,0.73985,0.74475,0,0,0,0
486,2020-12-04,,,,,,,,,,,,,,,,,,0.7439,0.7445,0.7411,0.744,0,0,0,0
487,2020-12-07,0.73495,0.7572,0.73495,0.74781,0,0,0,0,0,0,0,0,0,0,0,0,-0.017497788965235708,0.7431,0.7454,0.7373,0.7429,0,0,0,0
488,2020-12-08,,,,,,,,,,,,,,,,,,0.7418,0.7436,0.74,0.7407,0,0,0,0
489,2020-12-09,,,,,,,,,,,,,,,,,,0.7411,0.74855,0.7405,0.74375,0,0,0,0
490,2020-12-10,,,,,,,,,,,,,,,,,,0.74355,0.75405,0.74315,0.7527,0,0,0,0
491,2020-12-11,,,,,,,,,,,,,,,,,,0.75345,0.7572,0.752,0.75365,0,0,0,0
492,2020-12-14,0.74138,0.76475,0.74138,0.75858,0,0,0,0,0,0,0,0,0,0,0,0,-0.023199978418624718,0.75585,0.75855,0.75325,0.75505,0,0,0,0
493,2020-12-15,,,,,,,,,,,,,,,,,,0.7539,0.75785,0.7514,0.7563,0,0,0,0
494,2020-12-16,,,,,,,,,,,,,,,,,,0.7561,0.7586,0.75465,0.75695,0,0,0,0
495,2020-12-17,,,,,,,,,,,,,,,,,,0.75805,0.76475,0.75745,0.7628,0,0,0,0
496,2020-12-18,,,,,,,,,,,,,,,,,,0.763,0.76335,0.7591,0.7623,0,0,0,0
497,2020-12-21,0.74998,0.7615,0.7471,0.75762,0,0,0,0,0,0,0,0,0,0,0,0,-0.01018693831835513,0.761,0.7615,0.7471,0.7605,0,0,0,0
498,2020-12-22,,,,,,,,,,,,,,,,,,0.75925,0.76005,0.75285,0.7543,0,0,0,0
499,2020-12-23,,,,,,,,,,,,,,,,,,0.7536,0.7599,0.7534,0.7581,0,0,0,0
500,2020-12-24,,,,,,,,,,,,,,,,,,0.7583,0.7613,0.75795,0.7609,0,0,0,0
501,2020-12-28,0.7538,0.77465,0.7538,0.76543,0,0,0,0,0,0,0,0,0,0,0,0,-0.015428495622180988,0.7607,0.76285,0.75635,0.7582,0,0,0,0
502,2020-12-29,,,,,,,,,,,,,,,,,,0.75855,0.7631,0.75845,0.7616,0,0,0,0
503,2020-12-30,,,,,,,,,,,,,,,,,,0.76105,0.76915,0.76105,0.76815,0,0,0,0
504,2020-12-31,,,,,,,,,,,,,,,,,,0.769,0.77465,0.76895,0.77,0,0,0,0
505,2021-01-04,0.75961,0.78245,0.75961,0.77317,0,0,0,0,0,0,0,0,0,0,0,0,-0.017851265781124545,0.77025,0.77455,0.7647,0.7675,0,0,0,0
506,2021-01-05,,,,,,,,,,,,,,,,,,0.7672,0.77825,0.7665,0.77765,0,0,0,0
507,2021-01-06,,,,,,,,,,,,,,,,,,0.776,0.78245,0.7738,0.77945,0,0,0,0
508,2021-01-07,,,,,,,,,,,,,,,,,,0.78095,0.78215,0.77295,0.77625,0,0,0,0
509,2021-01-08,,,,,,,,,,,,,,,,,,0.7766,0.7803,0.7732,0.7753,0,0,0,0
510,2021-01-11,0.76639,0.7808,0.76639,0.77371,0,0,0,0,0,0,0,0,0,0.77371,0.77371,0,-0.009551272850637395,0.776,0.77615,0.76685,0.771,0,0,0,0
511,2021-01-12,,,,,,,,,,,,,,,,,,0.7698,0.7781,0.769,0.77735,0,0,0,0
512,2021-01-13,,,,,,,,,,,,,,,,,,0.7775,0.7785,0.77245,0.7745,0,0,0,0
513,2021-01-14,,,,,,,,,,,,,,,,,,0.77375,0.7808,0.77315,0.77875,0,0,0,0
514,2021-01-15,,,,,,,,,,,,,,,,,,0.77795,0.77915,0.76835,0.7712,0,0,0,0
515,2021-01-19,0.77005,0.77855,0.7661,0.77184,0,0,0,0,0,0,0,0,0,0,0,0,-0.0023245243815336126,0.7706,0.7727,0.7661,0.76975,0,0,0,0
516,2021-01-20,,,,,,,,,,,,,,,,,,0.7698,0.77635,0.76965,0.7747,0,0,0,0
517,2021-01-21,,,,,,,,,,,,,,,,,,0.77505,0.77855,0.77435,0.77615,0,0,0,0
518,2021-01-22,,,,,,,,,,,,,,,,,,0.7765,0.77725,0.7704,0.7721,0,0,0,0
519,2021-01-25,0.77094,0.77665,0.75935,0.76784,0,0,0,0,0,0.76784,0.76784,0,0,0,0,0,0.0040210651931408305,0.7712,0.77495,0.7685,0.77055,0,0,0,0
520,2021-01-26,,,,,,,,,,,,,,,,,,0.7716,0.7757,0.76715,0.77495,0,0,0,0
521,2021-01-27,,,,,,,,,,,,,,,,,,0.7749,0.77665,0.76455,0.7666,0,0,0,0
522,2021-01-28,,,,,,,,,,,,,,,,,,0.7663,0.76995,0.75935,0.7697,0,0,0,0
523,2021-01-29,,,,,,,,,,,,,,,,,,0.76775,0.7706,0.7633,0.76415,0,0,0,0
524,2021-02-01,0.76939,0.76939,0.75655,0.76367,0,0,0,0,0,0,0,0,0,0,0,0,0.007434461066559298,0.763,0.76645,0.76075,0.76445,0,0,0,0
525,2021-02-02,,,,,,,,,,,,,,,,,,0.7629,0.76635,0.75655,0.7593,0,0,0,0
526,2021-02-03,,,,,,,,,,,,,,,,,,0.7609,0.7628,0.7603,0.76245,0,0.76245,0.76245,0
527,2021-02-04,,,,,,,,,,,,,,,,,,0.7623,0.76495,0.759,0.76035,0,0,0,0
528,2021-02-05,,,,,,,,,,,,,,,,,,0.7602,0.7682,0.7584,0.76695,0,0,0,0
529,2021-02-08,0.76653,0.7773,0.76525,0.77138,0,0,0,0,0.77138,0,0,0.77138,0,0,0,0,-0.006327214851342948,0.7673,0.7716,0.76525,0.7705,0,0,0,0
530,2021-02-09,,,,,,,,,,,,,,,,,,0.7706,0.77415,0.77025,0.7739,0,0,0,0
531,2021-02-10,,,,,,,,,,,,,,,,,,0.7736,0.77575,0.7719,0.7729,0,0,0,0
532,2021-02-11,,,,,,,,,,,,,,,,,,0.77235,0.7773,0.77135,0.775,0,0,0,0
533,2021-02-12,,,,,,,,,,,,,,,,,,0.77555,0.77655,0.7719,0.77565,0.77565,0,0,0.77565
534,2021-02-16,0.76895,0.78785,0.76895,0.78081,0,0,0,0,0,0,0,0,0.78081,0,0,0.78081,-0.015423629624813032,0.77625,0.78065,0.77455,0.77625,0,0,0,0
535,2021-02-17,,,,,,,,,,,,,,,,,,0.77515,0.7773,0.77255,0.775,0,0,0,0
536,2021-02-18,,,,,,,,,,,,,,,,,,0.7753,0.77905,0.77315,0.77685,0,0,0,0
537,2021-02-19,,,,,,,,,,,,,,,,,,0.7769,0.78785,0.7758,0.7866,0,0,0,0
538,2021-02-22,0.77488,0.8008,0.7692,0.78207,0,0,0,0,0,0,0,0,0,0,0,0,-0.009278856080941603,0.78725,0.79295,0.7856,0.79245,0,0,0,0
539,2021-02-23,,,,,,,,,,,,,,,,,,0.7916,0.79355,0.7881,0.7912,0,0,0,0
540,2021-02-24,,,,,,,,,,,,,,,,,,0.7912,0.7974,0.7896,0.79435,0,0,0,0
541,2021-02-25,,,,,,,,,,,,,,,,,,0.7965,0.8008,0.78595,0.79035,0,0,0,0
542,2021-02-26,,,,,,,,,,,,,,,,,,0.7878,0.78845,0.7692,0.77105,0,0,0,0
543,2021-03-01,0.77848,0.7839,0.76225,0.77171,0,0,0,0,0,0.77171,0.77171,0,0,0.77171,0.77171,0,0.008696434076662141,0.77175,0.77875,0.77135,0.7776,0,0,0,0
544,2021-03-02,,,,,,,,,,,,,,,,,,0.7773,0.7838,0.7736,0.7829,0,0,0,0
545,2021-03-03,,,,,,,,,,,,,,,,,,0.78175,0.7839,0.7771,0.7794,0,0,0,0
546,2021-03-04,,,,,,,,,,,,,,,,,,0.7777,0.7815,0.77085,0.77285,0,0,0,0
547,2021-03-05,,,,,,,,,,,,,,,,,,0.7722,0.7727,0.76225,0.76895,0,0,0,0
548,2021-03-08,0.7751,0.78,0.7621,0.77187,0,0,0,0,0,0,0,0,0,0,0,0,0.0041672042317121225,0.76965,0.7723,0.76365,0.76625,0,0,0,0
549,2021-03-09,,,,,,,,,,,,,,,,,,0.76445,0.7726,0.7621,0.77165,0,0,0,0
550,2021-03-10,,,,,,,,,,,,,,,,,,0.7716,0.7746,0.7669,0.77355,0,0.77355,0.77355,0
551,2021-03-11,,,,,,,,,,,,,,,,,,0.77335,0.7794,0.77235,0.77875,0,0,0,0
552,2021-03-12,,,,,,,,,,,,,,,,,,0.7786,0.78,0.77245,0.77575,0,0,0,0
553,2021-03-15,0.77348,0.78525,0.7702,0.77666,0,0,0,0,0.77666,0,0,0.77666,0,0,0,0,-0.004111289238248011,0.7761,0.7778,0.77075,0.77515,0,0,0,0
554,2021-03-16,,,,,,,,,,,,,,,,,,0.77555,0.77605,0.7714,0.77475,0,0,0,0
555,2021-03-17,,,,,,,,,,,,,,,,,,0.7746,0.7813,0.7702,0.7794,0,0,0,0
556,2021-03-18,,,,,,,,,,,,,,,,,,0.78,0.78525,0.77515,0.7764,0,0,0,0
557,2021-03-19,,,,,,,,,,,,,,,,,,0.7761,0.77745,0.77195,0.7751,0,0,0,0
558,2021-03-22,0.77507,0.7759,0.75655,0.76682,0,0.76682,0.76682,0,0,0.76682,0.76682,0,0,0,0,0,0.010644199878720747,0.7723,0.7759,0.7707,0.7756,0,0,0,0
559,2021-03-23,,,,,,,,,,,,,,,,,,0.77475,0.775,0.762,0.7646,0,0,0,0
560,2021-03-24,,,,,,,,,,,,,,,,,,0.7634,0.7637,0.7581,0.76,0,0,0,0
561,2021-03-25,,,,,,,,,,,,,,,,,,0.75875,0.76165,0.75655,0.7585,0,0,0,0
562,2021-03-26,,,,,,,,,,,,,,,,,,0.75815,0.76465,0.75815,0.76255,0,0,0,0
563,2021-03-29,0.77095,0.77095,0.7534,0.76116,0,0,0,0,0,0,0,0,0,0,0,0,0.012698618587457132,0.764,0.76585,0.76175,0.76315,0,0,0,0
564,2021-03-30,,,,,,,,,,,,,,,,,,0.7633,0.76665,0.7587,0.75925,0,0,0,0
565,2021-03-31,,,,,,,,,,,,,,,,,,0.7599,0.7639,0.75905,0.76015,0,0,0,0
566,2021-04-01,,,,,,,,,,,,,,,,,,0.75985,0.76225,0.7534,0.76185,0,0,0,0
567,2021-04-02,,,,,,,,,,,,,,,,,,0.76175,0.7641,0.7598,0.7606,0,0,0,0
568,2021-04-05,0.76606,0.7679,0.75895,0.76264,0,0,0,0,0,0,0,0,0,0,0,0,0.004464402266141006,0.761,0.7663,0.7601,0.7656,0,0,0,0
569,2021-04-06,,,,,,,,,,,,,,,,,,0.7653,0.7671,0.76075,0.7666,0,0,0,0
570,2021-04-07,,,,,,,,,,,,,,,,,,0.7663,0.7679,0.76025,0.76075,0,0,0,0
571,2021-04-08,,,,,,,,,,,,,,,,,,0.7612,0.7662,0.7605,0.76525,0,0,0,0
572,2021-04-09,,,,,,,,,,,,,,,,,,0.76545,0.7663,0.75895,0.7627,0,0,0,0
573,2021-04-12,0.76435,0.7763,0.75865,0.76768,0,0,0,0,0.76768,0,0,0.76768,0.76768,0,0,0.76768,-0.004356642899195467,0.7623,0.76375,0.7597,0.76175,0,0,0,0
574,2021-04-13,,,,,,,,,,,,,,,,,,0.76235,0.7651,0.75865,0.76445,0,0,0,0
575,2021-04-14,,,,,,,,,,,,,,,,,,0.76435,0.774,0.76365,0.7727,0,0,0,0
576,2021-04-15,,,,,,,,,,,,,,,,,,0.7724,0.7763,0.7708,0.7756,0,0,0,0
577,2021-04-16,,,,,,,,,,,,,,,,,,0.77535,0.7761,0.7726,0.77345,0,0,0,0
578,2021-04-19,0.76601,0.78175,0.76601,0.77494,0.77494,0,0,0.77494,0,0,0,0,0,0,0,0,-0.011657811255727724,0.773,0.77865,0.7708,0.77615,0.77615,0,0,0.77615
579,2021-04-20,,,,,,,,,,,,,,,,,,0.7757,0.78175,0.7711,0.77165,0,0,0,0
580,2021-04-21,,,,,,,,,,,,,,,,,,0.77275,0.7764,0.7701,0.7753,0,0,0,0
581,2021-04-22,,,,,,,,,,,,,,,,,,0.77535,0.7766,0.76925,0.771,0,0,0,0
582,2021-04-23,,,,,,,,,,,,,,,,,,0.7712,0.77625,0.77015,0.77575,0,0,0,0
583,2021-04-26,0.77047,0.782,0.76975,0.77429,0,0,0,0,0,0,0,0,0,0,0,0,-0.004958012641634387,0.7748,0.7817,0.7743,0.7807,0,0,0,0
584,2021-04-27,,,,,,,,,,,,,,,,,,0.78045,0.7806,0.77635,0.77675,0,0,0,0
585,2021-04-28,,,,,,,,,,,,,,,,,,0.777,0.78025,0.7727,0.7796,0,0,0,0
586,2021-04-29,,,,,,,,,,,,,,,,,,0.77915,0.782,0.77515,0.77765,0,0,0,0
587,2021-04-30,,,,,,,,,,,,,,,,,,0.77695,0.77855,0.76975,0.7706,0,0,0,0
588,2021-05-03,0.77238,0.7864,0.7676,0.7776,0,0,0,0,0,0,0,0,0,0,0,0,-0.006758331391284086,0.7716,0.77685,0.77075,0.77675,0,0,0,0
589,2021-05-04,,,,,,,,,,,,,,,,,,0.7763,0.7765,0.7676,0.771,0,0,0,0
590,2021-05-05,,,,,,,,,,,,,,,,,,0.7713,0.7756,0.77055,0.7746,0,0,0,0
591,2021-05-06,,,,,,,,,,,,,,,,,,0.77485,0.77895,0.77025,0.77745,0,0,0,0
592,2021-05-07,,,,,,,,,,,,,,,,,,0.7784,0.7864,0.77625,0.7848,0,0,0,0
593,2021-05-10,0.77499,0.7892,0.76885,0.78043,0,0,0,0,0,0,0,0,0,0,0,0,-0.007019445412198868,0.78495,0.7892,0.7828,0.78425,0,0,0,0
594,2021-05-11,,,,,,,,,,,,,,,,,,0.7831,0.78575,0.78205,0.7844,0,0,0,0
595,2021-05-12,,,,,,,,,,,,,,,,,,0.7843,0.78445,0.772,0.77335,0,0,0,0
596,2021-05-13,,,,,,,,,,,,,,,,,,0.77305,0.7747,0.76885,0.7726,0,0,0,0
597,2021-05-14,,,,,,,,,,,,,,,,,,0.7726,0.77885,0.77145,0.7787,0,0,0,0
598,2021-05-17,0.77771,0.78145,0.7711,0.77587,0,0,0,0,0,0,0,0,0,0.77587,0.77587,0,0.002365920458782919,0.77765,0.77845,0.7731,0.77715,0,0,0,0
599,2021-05-18,,,,,,,,,,,,,,,,,,0.77695,0.78145,0.77655,0.7802,0,0,0,0
600,2021-05-19,,,,,,,,,,,,,,,,,,0.7792,0.7799,0.7711,0.7718,0,0,0,0
601,2021-05-20,,,,,,,,,,,,,,,,,,0.7724,0.77825,0.7717,0.77725,0,0,0,0
602,2021-05-21,,,,,,,,,,,,,,,,,,0.77745,0.77835,0.77195,0.7733,0,0,0,0
603,2021-05-24,0.77679,0.77965,0.76775,0.77299,0,0,0,0,0,0.77299,0.77299,0,0,0,0,0,0.004891927033046288,0.77315,0.7758,0.7706,0.77545,0,0,0,0
604,2021-05-25,,,,,,,,,,,,,,,,,,0.77535,0.7777,0.77335,0.77555,0,0,0,0
605,2021-05-26,,,,,,,,,,,,,,,,,,0.7753,0.77965,0.77315,0.77465,0,0,0,0
606,2021-05-27,,,,,,,,,,,,,,,,,,0.7745,0.77585,0.77235,0.77445,0,0.77445,0.77445,0
607,2021-05-28,,,,,,,,,,,,,,,,,,0.77415,0.77475,0.76775,0.7714,0,0,0,0
608,2021-06-01,0.77489,0.7775,0.76455,0.77185,0,0.77185,0.77185,0,0,0,0,0,0,0,0,0,0.0039231374775773745,0.771,0.77695,0.7701,0.7764,0,0,0,0
609,2021-06-02,,,,,,,,,,,,,,,,,,0.77525,0.7775,0.77155,0.7753,0,0,0,0
610,2021-06-03,,,,,,,,,,,,,,,,,,0.77515,0.77545,0.76455,0.7651,0,0,0,0
611,2021-06-04,,,,,,,,,,,,,,,,,,0.76605,0.77455,0.7651,0.77435,0,0,0,0
612,2021-06-07,0.77337,0.7776,0.76885,0.77268,0,0,0,0,0,0,0,0,0,0,0,0,0.000892199076767871,0.774,0.77655,0.7727,0.776,0,0,0,0
613,2021-06-08,,,,,,,,,,,,,,,,,,0.7756,0.7764,0.77315,0.7741,0,0,0,0
614,2021-06-09,,,,,,,,,,,,,,,,,,0.77375,0.77625,0.7724,0.77365,0,0,0,0
615,2021-06-10,,,,,,,,,,,,,,,,,,0.77315,0.77635,0.7717,0.7755,0,0,0,0
616,2021-06-11,,,,,,,,,,,,,,,,,,0.77515,0.7776,0.76885,0.77025,0,0,0,0
617,2021-06-14,0.77302,0.77302,0.74805,0.76043,0,0,0,0,0,0,0,0,0,0,0,0,0.016286771364259642,0.7707,0.77285,0.76965,0.77095,0,0,0,0
618,2021-06-15,,,,,,,,,,,,,,,,,,0.77155,0.77195,0.7677,0.76855,0,0,0,0
619,2021-06-16,,,,,,,,,,,,,,,,,,0.7691,0.77185,0.76095,0.76165,0,0,0,0
620,2021-06-17,,,,,,,,,,,,,,,,,,0.7611,0.76555,0.7542,0.75545,0,0,0,0
621,2021-06-18,,,,,,,,,,,,,,,,,,0.7556,0.7563,0.74805,0.7501,0,0,0,0
622,2021-06-21,0.76672,0.76672,0.7479,0.75429,0,0,0,0,0,0,0,0,0,0,0,0,0.016211915692821294,0.7485,0.75485,0.7479,0.7541,0,0,0,0
623,2021-06-22,,,,,,,,,,,,,,,,,,0.75425,0.75665,0.74965,0.75565,0,0,0,0
624,2021-06-23,,,,,,,,,,,,,,,,,,0.7555,0.76015,0.754,0.75745,0,0,0,0
625,2021-06-24,,,,,,,,,,,,,,,,,,0.7578,0.7594,0.75675,0.7585,0,0,0,0
626,2021-06-25,,,,,,,,,,,,,,,,,,0.75865,0.76195,0.75825,0.7588,0,0,0,0
627,2021-06-28,0.76051,0.76051,0.74455,0.75355,0,0,0,0,0,0,0,0,0,0,0,0,0.009151753428620223,0.75895,0.7604,0.7557,0.7568,0,0,0,0
628,2021-06-29,,,,,,,,,,,,,,,,,,0.757,0.75725,0.75095,0.7517,0,0,0,0
629,2021-06-30,,,,,,,,,,,,,,,,,,0.7516,0.7529,0.74945,0.7498,0,0,0,0
630,2021-07-01,,,,,,,,,,,,,,,,,,0.7503,0.75105,0.7462,0.7463,0,0,0,0
631,2021-07-02,,,,,,,,,,,,,,,,,,0.747,0.75355,0.74455,0.7503,0,0,0,0
632,2021-07-06,0.75703,0.76015,0.74115,0.75082,0,0,0,0,0,0,0,0,0,0,0,0,0.008203109520098197,0.75275,0.76015,0.7483,0.7499,0,0,0,0
633,2021-07-07,,,,,,,,,,,,,,,,,,0.74985,0.75365,0.7465,0.7489,0,0,0,0
634,2021-07-08,,,,,,,,,,,,,,,,,,0.7485,0.74905,0.7418,0.74265,0,0,0,0
635,2021-07-09,,,,,,,,,,,,,,,,,,0.7433,0.7496,0.74115,0.74925,0,0,0,0
636,2021-07-12,0.75393,0.75393,0.7394,0.7448,0,0,0,0,0,0,0,0,0,0,0,0,0.012109877574841128,0.7491,0.7498,0.745,0.74765,0,0,0,0
637,2021-07-13,,,,,,,,,,,,,,,,,,0.7482,0.7505,0.74285,0.74475,0,0,0,0
638,2021-07-14,,,,,,,,,,,,,,,,,,0.7448,0.74885,0.7433,0.74795,0,0,0,0
639,2021-07-15,,,,,,,,,,,,,,,,,,0.7483,0.7489,0.7412,0.7419,0,0,0,0
640,2021-07-16,,,,,,,,,,,,,,,,,,0.7425,0.74445,0.7394,0.7402,0,0,0,0
641,2021-07-19,0.74936,0.74936,0.7291,0.73639,0,0,0,0,0,0,0,0,0,0,0,0,0.01730810291448708,0.7399,0.74,0.7324,0.733,0,0,0,0
642,2021-07-20,,,,,,,,,,,,,,,,,,0.73475,0.73585,0.7301,0.73315,0,0,0,0
643,2021-07-21,,,,,,,,,,,,,,,,,,0.73295,0.7364,0.7291,0.73585,0,0,0,0
644,2021-07-22,,,,,,,,,,,,,,,,,,0.73605,0.73985,0.73435,0.73895,0,0,0,0
645,2021-07-23,,,,,,,,,,,,,,,,,,0.73845,0.73915,0.7358,0.73655,0,0,0,0
646,2021-07-26,0.74287,0.74287,0.7318,0.73594,0,0,0,0,0,0,0,0,0,0,0,0,0.00932868469584179,0.73685,0.7392,0.73325,0.738,0,0,0,0
647,2021-07-27,,,,,,,,,,,,,,,,,,0.7383,0.73905,0.73385,0.73625,0,0,0,0
648,2021-07-28,,,,,,,,,,,,,,,,,,0.73615,0.7383,0.7318,0.73695,0,0,0,0
649,2021-07-29,,,,,,,,,,,,,,,,,,0.7376,0.7415,0.73605,0.74025,0,0,0,0
650,2021-07-30,,,,,,,,,,,,,,,,,,0.73975,0.74065,0.73325,0.7336,0,0,0,0
651,2021-08-02,0.73941,0.7428,0.73305,0.7363,0,0,0,0,0,0,0,0,0.7363,0,0,0.7363,0.004206056179927317,0.7341,0.73835,0.73305,0.7366,0,0,0,0
652,2021-08-03,,,,,,,,,,,,,,,,,,0.7365,0.741,0.7358,0.73955,0,0,0,0
653,2021-08-04,,,,,,,,,,,,,,,,,,0.7395,0.7428,0.73715,0.73835,0,0,0,0
654,2021-08-05,,,,,,,,,,,,,,,,,,0.7382,0.74175,0.7378,0.7405,0,0,0,0
655,2021-08-06,,,,,,,,,,,,,,,,,,0.74045,0.7407,0.73475,0.73525,0,0,0,0
656,2021-08-09,0.73785,0.73905,0.73165,0.73593,0,0,0,0,0,0,0,0,0,0,0,0,0.0026021549095345026,0.7356,0.7365,0.73285,0.73365,0,0,0,0
657,2021-08-10,,,,,,,,,,,,,,,,,,0.73355,0.7357,0.73165,0.73505,0,0,0,0
658,2021-08-11,,,,,,,,,,,,,,,,,,0.73475,0.73905,0.73245,0.7373,0,0,0,0
659,2021-08-12,,,,,,,,,,,,,,,,,,0.7376,0.7378,0.73325,0.7333,0,0,0,0
660,2021-08-13,,,,,,,,,,,,,,,,,,0.7337,0.73825,0.73335,0.7374,0,0,0,0
661,2021-08-16,0.73689,0.7374,0.71065,0.7247,0,0,0,0,0,0,0,0,0,0.7247,0.7247,0,0.016542496166320662,0.73705,0.7374,0.73195,0.73365,0,0,0,0
662,2021-08-17,,,,,,,,,,,,,,,,,,0.7337,0.7342,0.7243,0.72525,0,0,0,0
663,2021-08-18,,,,,,,,,,,,,,,,,,0.7257,0.727,0.723,0.7245,0,0,0,0
664,2021-08-19,,,,,,,,,,,,,,,,,,0.7237,0.7243,0.7143,0.71505,0,0,0,0
665,2021-08-20,,,,,,,,,,,,,,,,,,0.7149,0.71565,0.71065,0.7137,0,0,0,0
666,2021-08-23,0.73079,0.7317,0.71295,0.72237,0,0,0,0,0,0,0,0,0,0,0,0,0.011521777802104699,0.7136,0.72185,0.71295,0.72175,0,0,0,0
667,2021-08-24,,,,,,,,,,,,,,,,,,0.7213,0.7272,0.72015,0.72575,0,0,0,0
668,2021-08-25,,,,,,,,,,,,,,,,,,0.7258,0.7281,0.7238,0.72805,0,0,0,0
669,2021-08-26,,,,,,,,,,,,,,,,,,0.7276,0.72805,0.72345,0.7238,0,0,0,0
670,2021-08-27,,,,,,,,,,,,,,,,,,0.72385,0.7317,0.72225,0.73125,0,0,0,0
671,2021-08-30,0.72659,0.74785,0.72659,0.73835,0,0,0,0,0.73835,0,0,0.73835,0.73835,0,0,0.73835,-0.01618519385072736,0.73115,0.7319,0.7285,0.72985,0,0,0,0
672,2021-08-31,,,,,,,,,,,,,,,,,,0.7296,0.73415,0.72885,0.7321,0,0,0,0
673,2021-09-01,,,,,,,,,,,,,,,,,,0.7314,0.7384,0.73085,0.73745,0,0,0,0
674,2021-09-02,,,,,,,,,,,,,,,,,,0.7368,0.7411,0.73565,0.7404,0,0,0,0
675,2021-09-03,,,,,,,,,,,,,,,,,,0.7401,0.74785,0.7396,0.7459,0,0,0,0
676,2021-09-06,0.73247,0.74685,0.73247,0.74076,0.74076,0,0,0.74076,0,0,0,0,0,0,0,0,-0.011317869673843324,0.74525,0.7458,0.74265,0.7437,0.7437,0,0,0.7437
677,2021-09-07,,,,,,,,,,,,,,,,,,0.7438,0.74685,0.7375,0.7389,0,0,0,0
678,2021-09-08,,,,,,,,,,,,,,,,,,0.7389,0.7404,0.7345,0.73745,0,0,0,0
679,2021-09-09,,,,,,,,,,,,,,,,,,0.73655,0.7394,0.73465,0.73715,0,0,0,0
680,2021-09-10,,,,,,,,,,,,,,,,,,0.7372,0.7409,0.73495,0.73645,0,0,0,0
681,2021-09-13,0.73662,0.73785,0.7264,0.73185,0,0,0,0,0,0.73185,0.73185,0,0,0,0,0,0.006475523336320018,0.7357,0.73785,0.7339,0.73635,0,0,0,0
682,2021-09-14,,,,,,,,,,,,,,,,,,0.73725,0.73765,0.73165,0.73215,0,0,0,0
683,2021-09-15,,,,,,,,,,,,,,,,,,0.7325,0.7342,0.7304,0.7329,0,0,0,0
684,2021-09-16,,,,,,,,,,,,,,,,,,0.73355,0.73525,0.72765,0.72975,0,0,0,0
685,2021-09-17,,,,,,,,,,,,,,,,,,0.72975,0.7324,0.7264,0.72745,0,0,0,0
686,2021-09-20,0.73423,0.73423,0.7222,0.72666,0,0.72666,0.72666,0,0,0,0,0,0,0.72666,0.72666,0,0.01031012080683175,0.7266,0.7271,0.7222,0.724,0,0,0,0
687,2021-09-21,,,,,,,,,,,,,,,,,,0.7254,0.7285,0.72235,0.7238,0,0.7238,0.7238,0
688,2021-09-22,,,,,,,,,,,,,,,,,,0.72345,0.72985,0.7226,0.72415,0,0,0,0
689,2021-09-23,,,,,,,,,,,,,,,,,,0.7242,0.73175,0.72255,0.73115,0,0,0,0
690,2021-09-24,,,,,,,,,,,,,,,,,,0.7297,0.73195,0.7238,0.7259,0,0,0,0
691,2021-09-27,0.73045,0.73135,0.71725,0.72542,0,0,0,0,0,0,0,0,0,0,0,0,0.006886166062016688,0.7263,0.72965,0.7252,0.72885,0,0,0,0
692,2021-09-28,,,,,,,,,,,,,,,,,,0.7288,0.73135,0.7228,0.72435,0,0,0,0
693,2021-09-29,,,,,,,,,,,,,,,,,,0.72435,0.72665,0.71725,0.7186,0,0,0,0
694,2021-09-30,,,,,,,,,,,,,,,,,,0.71795,0.7259,0.7177,0.7234,0,0,0,0
695,2021-10-01,,,,,,,,,,,,,,,,,,0.7229,0.72785,0.7194,0.7268,0,0,0,0
696,2021-10-04,0.72794,0.734,0.7228,0.72869,0,0,0,0,0,0,0,0,0,0,0,0,-0.0010303046954418186,0.7264,0.73065,0.72525,0.72925,0,0,0,0
697,2021-10-05,,,,,,,,,,,,,,,,,,0.72945,0.7303,0.72515,0.72935,0,0,0,0
698,2021-10-06,,,,,,,,,,,,,,,,,,0.72895,0.72955,0.7228,0.72715,0,0,0,0
699,2021-10-07,,,,,,,,,,,,,,,,,,0.7274,0.7326,0.7272,0.73115,0,0,0,0
700,2021-10-08,,,,,,,,,,,,,,,,,,0.73135,0.734,0.729,0.73155,0,0,0,0
701,2021-10-11,0.72831,0.7442,0.72831,0.73666,0.73666,0,0,0.73666,0.73666,0,0,0.73666,0.73666,0,0,0.73666,-0.011464898188957955,0.7309,0.7375,0.72935,0.7355,0,0,0,0
702,2021-10-12,,,,,,,,,,,,,,,,,,0.73495,0.73865,0.7334,0.73565,0,0,0,0
703,2021-10-13,,,,,,,,,,,,,,,,,,0.7354,0.7384,0.7325,0.7377,0.7377,0,0,0.7377
704,2021-10-14,,,,,,,,,,,,,,,,,,0.73825,0.7429,0.73735,0.74195,0,0,0,0
705,2021-10-15,,,,,,,,,,,,,,,,,,0.74175,0.7442,0.7406,0.7422,0,0,0,0
706,2021-10-18,0.73249,0.7548,0.73249,0.74541,0,0,0,0,0,0,0,0,0,0,0,0,-0.017638466054144143,0.74205,0.7441,0.7381,0.7419,0,0,0,0
707,2021-10-19,,,,,,,,,,,,,,,,,,0.7413,0.74875,0.74095,0.74805,0,0,0,0
708,2021-10-20,,,,,,,,,,,,,,,,,,0.7475,0.75245,0.7467,0.75235,0,0,0,0
709,2021-10-21,,,,,,,,,,,,,,,,,,0.75175,0.7548,0.74595,0.7466,0,0,0,0
710,2021-10-22,,,,,,,,,,,,,,,,,,0.7469,0.7514,0.7455,0.7467,0,0,0,0
711,2021-10-25,0.73895,0.7557,0.73895,0.75041,0,0,0,0,0,0,0,0,0,0,0,0,-0.015508491778875467,0.74675,0.7507,0.74655,0.74975,0,0,0,0
712,2021-10-26,,,,,,,,,,,,,,,,,,0.74925,0.7527,0.7486,0.7508,0,0,0,0
713,2021-10-27,,,,,,,,,,,,,,,,,,0.75035,0.7538,0.74885,0.7527,0,0,0,0
714,2021-10-28,,,,,,,,,,,,,,,,,,0.75195,0.7557,0.7481,0.754,0,0,0,0
715,2021-10-29,,,,,,,,,,,,,,,,,,0.7546,0.7557,0.75015,0.75265,0,0,0,0
716,2021-11-01,0.74468,0.75375,0.73605,0.74529,0,0,0,0,0,0,0,0,0,0,0,0,-0.0008191437933071916,0.75185,0.75375,0.74875,0.752,0,0,0,0
717,2021-11-02,,,,,,,,,,,,,,,,,,0.7521,0.7534,0.7422,0.74275,0,0,0,0
718,2021-11-03,,,,,,,,,,,,,,,,,,0.74325,0.746,0.74135,0.7448,0,0,0,0
719,2021-11-04,,,,,,,,,,,,,,,,,,0.74515,0.74725,0.7384,0.7401,0,0,0,0
720,2021-11-05,,,,,,,,,,,,,,,,,,0.7404,0.7413,0.73605,0.7395,0,0,0,0
721,2021-11-08,0.74498,0.74498,0.7277,0.73598,0,0,0,0,0,0.73598,0.73598,0,0,0.73598,0.73598,0,0.012080861231174002,0.7398,0.74325,0.7385,0.7426,0,0,0,0
722,2021-11-09,,,,,,,,,,,,,,,,,,0.74235,0.7433,0.73615,0.73795,0,0,0,0
723,2021-11-10,,,,,,,,,,,,,,,,,,0.7378,0.73945,0.73245,0.7333,0,0,0,0
724,2021-11-11,,,,,,,,,,,,,,,,,,0.7328,0.7342,0.7288,0.7293,0,0.7293,0.7293,0
725,2021-11-12,,,,,,,,,,,,,,,,,,0.7291,0.7336,0.7277,0.7331,0,0,0,0
726,2021-11-15,0.74048,0.74048,0.7227,0.72913,0,0.72913,0.72913,0,0,0,0,0,0,0,0,0,0.015327895419187665,0.7331,0.73715,0.73235,0.73515,0,0,0,0
727,2021-11-16,,,,,,,,,,,,,,,,,,0.7346,0.73685,0.72925,0.73015,0,0,0,0
728,2021-11-17,,,,,,,,,,,,,,,,,,0.73015,0.73055,0.72585,0.72605,0,0,0,0
729,2021-11-18,,,,,,,,,,,,,,,,,,0.7265,0.72935,0.72495,0.7276,0,0,0,0
730,2021-11-19,,,,,,,,,,,,,,,,,,0.7277,0.72915,0.7227,0.72355,0,0,0,0
731,2021-11-22,0.7348,0.7348,0.71125,0.71871,0,0,0,0,0,0,0,0,0,0,0,0,0.021897114861186784,0.72345,0.72735,0.7221,0.72265,0,0,0,0
732,2021-11-23,,,,,,,,,,,,,,,,,,0.72245,0.7237,0.72065,0.72225,0,0,0,0
733,2021-11-24,,,,,,,,,,,,,,,,,,0.72275,0.72285,0.7184,0.7192,0,0,0,0
734,2021-11-26,,,,,,,,,,,,,,,,,,0.71955,0.72095,0.71125,0.7128,0,0,0,0
735,2021-11-29,0.72676,0.72676,0.6993,0.70721,0,0,0,0,0,0,0,0,0,0,0,0,0.026900214651329128,0.7124,0.71595,0.7114,0.71285,0,0,0,0
736,2021-11-30,,,,,,,,,,,,,,,,,,0.7141,0.71705,0.7063,0.71205,0,0,0,0
737,2021-12-01,,,,,,,,,,,,,,,,,,0.71255,0.71735,0.7095,0.71115,0,0,0,0
738,2021-12-02,,,,,,,,,,,,,,,,,,0.7103,0.712,0.7085,0.7089,0,0,0,0
739,2021-12-03,,,,,,,,,,,,,,,,,,0.7093,0.7094,0.6993,0.6998,0,0,0,0
740,2021-12-06,0.71698,0.7187,0.7001,0.70898,0,0,0,0,0,0,0,0,0,0,0,0,0.01115791235459831,0.70025,0.70545,0.7001,0.70415,0,0,0,0
741,2021-12-07,,,,,,,,,,,,,,,,,,0.7048,0.7123,0.70395,0.71155,0,0,0,0
742,2021-12-08,,,,,,,,,,,,,,,,,,0.7117,0.7184,0.7115,0.71775,0,0,0,0
743,2021-12-09,,,,,,,,,,,,,,,,,,0.7168,0.7187,0.71355,0.71445,0,0,0,0
744,2021-12-10,,,,,,,,,,,,,,,,,,0.71445,0.7182,0.7132,0.71685,0,0,0,0
745,2021-12-13,0.71298,0.7227,0.7093,0.71562,0,0,0,0,0,0,0,0,0.71562,0,0,0.71562,-0.0037027686611126355,0.7167,0.7179,0.7113,0.71405,0,0,0,0
746,2021-12-14,,,,,,,,,,,,,,,,,,0.71335,0.71385,0.7093,0.71085,0,0,0,0
747,2021-12-15,,,,,,,,,,,,,,,,,,0.71035,0.7181,0.70955,0.7146,0,0,0,0
748,2021-12-16,,,,,,,,,,,,,,,,,,0.7173,0.7227,0.7149,0.7174,0,0,0,0
749,2021-12-17,,,,,,,,,,,,,,,,,,0.7184,0.7186,0.71255,0.7138,0,0,0,0
750,2021-12-20,0.7143,0.7253,0.7084,0.71795,0,0,0,0,0.71795,0,0,0.71795,0,0,0,0,-0.005109897802043862,0.713,0.7132,0.7084,0.71115,0,0,0,0
751,2021-12-21,,,,,,,,,,,,,,,,,,0.7107,0.71575,0.71005,0.7155,0,0,0,0
752,2021-12-22,,,,,,,,,,,,,,,,,,0.7152,0.72215,0.7122,0.7216,0,0,0,0
753,2021-12-23,,,,,,,,,,,,,,,,,,0.72075,0.7253,0.71975,0.7251,0,0,0,0
754,2021-12-27,0.71613,0.7279,0.71613,0.72488,0,0,0,0,0,0,0,0,0,0,0,0,-0.0122184519570468,0.7231,0.72465,0.7207,0.72415,0,0,0,0
755,2021-12-28,,,,,,,,,,,,,,,,,,0.72385,0.7266,0.72205,0.72305,0.72305,0,0,0.72305
756,2021-12-29,,,,,,,,,,,,,,,,,,0.72255,0.72735,0.72145,0.72535,0,0,0,0
757,2021-12-30,,,,,,,,,,,,,,,,,,0.7251,0.7277,0.7245,0.72575,0,0,0,0
758,2021-12-31,,,,,,,,,,,,,,,,,,0.72485,0.7279,0.72455,0.7278,0,0,0,0
759,2022-01-03,0.7205,0.7278,0.71305,0.7216,0.7216,0,0,0.7216,0,0,0,0,0,0,0,0,-0.0015267175572518943,0.727,0.7278,0.71845,0.7192,0,0,0,0
760,2022-01-04,,,,,,,,,,,,,,,,,,0.7188,0.72505,0.71865,0.72435,0,0,0,0
761,2022-01-05,,,,,,,,,,,,,,,,,,0.72395,0.7274,0.72165,0.7224,0,0,0,0
762,2022-01-06,,,,,,,,,,,,,,,,,,0.7223,0.72245,0.7147,0.71665,0,0,0,0
763,2022-01-07,,,,,,,,,,,,,,,,,,0.7162,0.7189,0.71305,0.71855,0,0,0,0
764,2022-01-10,0.72105,0.73155,0.715,0.72141,0,0,0,0,0,0,0,0,0,0,0,0,-0.0004992718951529394,0.7182,0.7204,0.715,0.71705,0,0,0,0
765,2022-01-11,,,,,,,,,,,,,,,,,,0.7175,0.7215,0.71565,0.72095,0,0,0,0
766,2022-01-12,,,,,,,,,,,,,,,,,,0.7211,0.7294,0.72015,0.7293,0,0,0,0
767,2022-01-13,,,,,,,,,,,,,,,,,,0.7285,0.73155,0.7275,0.72915,0,0,0,0
768,2022-01-14,,,,,,,,,,,,,,,,,,0.7282,0.72945,0.7199,0.7209,0,0,0,0
769,2022-01-18,0.72123,0.7278,0.71705,0.72106,0,0,0,0,0,0,0,0,0,0,0,0,0.00023570844252180785,0.72165,0.72305,0.71705,0.71865,0,0,0,0
770,2022-01-19,,,,,,,,,,,,,,,,,,0.7186,0.72395,0.7178,0.7226,0,0,0,0
771,2022-01-20,,,,,,,,,,,,,,,,,,0.7212,0.7278,0.721,0.7244,0,0,0,0
772,2022-01-21,,,,,,,,,,,,,,,,,,0.72265,0.72285,0.71725,0.71775,0,0,0,0
773,2022-01-24,0.72115,0.72115,0.6968,0.70788,0,0.70788,0.70788,0,0,0.70788,0.70788,0,0,0.70788,0.70788,0,0.018401164806212306,0.71755,0.71885,0.70915,0.713,0,0,0,0
774,2022-01-25,,,,,,,,,,,,,,,,,,0.71435,0.7179,0.7122,0.717,0,0.717,0.717,0
775,2022-01-26,,,,,,,,,,,,,,,,,,0.7152,0.71825,0.70965,0.71245,0,0,0,0
776,2022-01-27,,,,,,,,,,,,,,,,,,0.7117,0.71225,0.70245,0.70265,0,0,0,0
777,2022-01-28,,,,,,,,,,,,,,,,,,0.7034,0.70465,0.6968,0.6983,0,0,0,0
778,2022-01-31,0.71451,0.71695,0.6988,0.70573,0,0,0,0,0,0,0,0,0,0,0,0,0.012288141523561617,0.6996,0.7078,0.6988,0.70745,0,0,0,0
779,2022-02-01,,,,,,,,,,,,,,,,,,0.70675,0.71315,0.70345,0.71165,0,0,0,0
780,2022-02-02,,,,,,,,,,,,,,,,,,0.7128,0.71605,0.71195,0.7146,0,0,0,0
781,2022-02-03,,,,,,,,,,,,,,,,,,0.71345,0.71695,0.7111,0.71335,0,0,0,0
782,2022-02-04,,,,,,,,,,,,,,,,,,0.7141,0.7153,0.70525,0.70755,0,0,0,0
783,2022-02-07,0.71012,0.72495,0.70665,0.71313,0,0,0,0,0,0,0,0,0,0,0,0,-0.004238720216301567,0.70825,0.71315,0.70665,0.71295,0,0,0,0
784,2022-02-08,,,,,,,,,,,,,,,,,,0.7125,0.71485,0.7108,0.7136,0,0,0,0
785,2022-02-09,,,,,,,,,,,,,,,,,,0.7145,0.71955,0.71425,0.71865,0,0,0,0
786,2022-02-10,,,,,,,,,,,,,,,,,,0.718,0.72495,0.7148,0.7171,0,0,0,0
787,2022-02-11,,,,,,,,,,,,,,,,,,0.71665,0.71865,0.71095,0.71265,0,0,0,0
788,2022-02-14,0.71162,0.72285,0.7087,0.71584,0,0,0,0,0.71584,0,0,0.71584,0.71584,0,0,0.71584,-0.005930131249824346,0.71315,0.7151,0.7087,0.71225,0,0,0,0
789,2022-02-15,,,,,,,,,,,,,,,,,,0.71275,0.71575,0.71025,0.7153,0,0,0,0
790,2022-02-16,,,,,,,,,,,,,,,,,,0.7152,0.72055,0.7144,0.7203,0,0,0,0
791,2022-02-17,,,,,,,,,,,,,,,,,,0.71965,0.72175,0.715,0.71935,0,0,0,0
792,2022-02-18,,,,,,,,,,,,,,,,,,0.7186,0.72285,0.71655,0.71865,0.71865,0,0,0.71865
793,2022-02-22,0.71373,0.7285,0.70955,0.71966,0.71966,0,0,0.71966,0,0,0,0,0,0,0,0,-0.008308463984980302,0.71735,0.7235,0.71675,0.7221,0,0,0,0
794,2022-02-23,,,,,,,,,,,,,,,,,,0.72195,0.7285,0.7219,0.7236,0,0,0,0
795,2022-02-24,,,,,,,,,,,,,,,,,,0.72295,0.72335,0.70955,0.7159,0,0,0,0
796,2022-02-25,,,,,,,,,,,,,,,,,,0.71635,0.72385,0.71395,0.72325,0,0,0,0
797,2022-02-28,0.7167,0.73815,0.7167,0.72759,0,0,0,0,0,0,0,0,0,0,0,0,-0.015194642109669256,0.7183,0.7267,0.7169,0.72635,0,0,0,0
798,2022-03-01,,,,,,,,,,,,,,,,,,0.7262,0.72905,0.72385,0.72485,0,0,0,0
799,2022-03-02,,,,,,,,,,,,,,,,,,0.7252,0.73075,0.72435,0.72975,0,0,0,0
800,2022-03-03,,,,,,,,,,,,,,,,,,0.7295,0.73485,0.72765,0.7326,0,0,0,0
801,2022-03-04,,,,,,,,,,,,,,,,,,0.7328,0.73815,0.73015,0.737,0,0,0,0
802,2022-03-07,0.72214,0.74415,0.72214,0.7339,0,0,0,0,0,0,0,0,0,0,0,0,-0.01628493089982551,0.73735,0.74415,0.7312,0.7327,0,0,0,0
803,2022-03-08,,,,,,,,,,,,,,,,,,0.73175,0.7349,0.72455,0.72755,0,0,0,0
804,2022-03-09,,,,,,,,,,,,,,,,,,0.72665,0.73375,0.72645,0.73195,0,0,0,0
805,2022-03-10,,,,,,,,,,,,,,,,,,0.73195,0.73685,0.72875,0.7365,0,0,0,0
806,2022-03-11,,,,,,,,,,,,,,,,,,0.7356,0.73675,0.72835,0.72955,0,0,0,0
807,2022-03-14,0.72802,0.7427,0.7174,0.733,0,0,0,0,0,0,0,0,0,0,0,0,-0.006840471415620429,0.7302,0.7309,0.71955,0.7204,0,0,0,0
808,2022-03-15,,,,,,,,,,,,,,,,,,0.7199,0.72375,0.7174,0.71995,0,0,0,0
809,2022-03-16,,,,,,,,,,,,,,,,,,0.7205,0.73065,0.71905,0.72735,0,0,0,0
810,2022-03-17,,,,,,,,,,,,,,,,,,0.72975,0.7402,0.7291,0.73855,0,0,0,0
811,2022-03-18,,,,,,,,,,,,,,,,,,0.73835,0.7427,0.73695,0.7417,0,0,0,0
812,2022-03-21,0.73051,0.7546,0.73051,0.74691,0,0,0,0,0,0,0,0,0,0,0,0,-0.022450069129786,0.7417,0.74335,0.7383,0.74005,0,0,0,0
813,2022-03-22,,,,,,,,,,,,,,,,,,0.74085,0.74815,0.7385,0.74685,0,0,0,0
814,2022-03-23,,,,,,,,,,,,,,,,,,0.7475,0.75165,0.74595,0.75155,0,0,0,0
815,2022-03-24,,,,,,,,,,,,,,,,,,0.75075,0.75365,0.74755,0.75215,0,0,0,0
816,2022-03-25,,,,,,,,,,,,,,,,,,0.75215,0.7546,0.7504,0.75305,0,0,0,0
817,2022-03-28,0.73871,0.7549,0.73871,0.75101,0,0,0,0,0,0,0,0,0,0,0,0,-0.016650647750808812,0.75235,0.7549,0.74755,0.75085,0,0,0,0
818,2022-03-29,,,,,,,,,,,,,,,,,,0.7497,0.7528,0.7464,0.7522,0,0,0,0
819,2022-03-30,,,,,,,,,,,,,,,,,,0.7519,0.7545,0.75105,0.7516,0,0,0,0
820,2022-03-31,,,,,,,,,,,,,,,,,,0.75195,0.7535,0.7479,0.74965,0,0,0,0
821,2022-04-01,,,,,,,,,,,,,,,,,,0.7494,0.75335,0.7481,0.7504,0,0,0,0
822,2022-04-04,0.74486,0.7669,0.7434,0.75179,0,0,0,0,0,0,0,0,0,0,0,0,-0.009303761780737309,0.7501,0.7565,0.74915,0.7557,0,0,0,0
823,2022-04-05,,,,,,,,,,,,,,,,,,0.7552,0.7669,0.7544,0.7602,0,0,0,0
824,2022-04-06,,,,,,,,,,,,,,,,,,0.7587,0.76005,0.74915,0.75165,0,0,0,0
825,2022-04-07,,,,,,,,,,,,,,,,,,0.75185,0.75265,0.74735,0.7492,0,0,0,0
826,2022-04-08,,,,,,,,,,,,,,,,,,0.74875,0.75,0.7434,0.74675,0,0,0,0
827,2022-04-11,0.74833,0.75015,0.73985,0.74476,0,0,0,0,0,0,0,0,0,0.74476,0.74476,0,0.004770622586292241,0.7468,0.74745,0.74215,0.74365,0,0,0,0
828,2022-04-12,,,,,,,,,,,,,,,,,,0.7428,0.75015,0.74075,0.74685,0,0,0,0
829,2022-04-13,,,,,,,,,,,,,,,,,,0.7461,0.7482,0.73985,0.74525,0,0,0,0
830,2022-04-14,,,,,,,,,,,,,,,,,,0.7461,0.74755,0.74035,0.74225,0,0,0,0
831,2022-04-18,0.74654,0.74654,0.72395,0.73375,0,0,0,0,0,0.73375,0.73375,0,0,0,0,0,0.017132370670024336,0.74035,0.74105,0.7349,0.7356,0,0,0,0
832,2022-04-19,,,,,,,,,,,,,,,,,,0.73575,0.74065,0.7352,0.73805,0,0,0,0
833,2022-04-20,,,,,,,,,,,,,,,,,,0.7383,0.74645,0.7379,0.74465,0,0,0,0
834,2022-04-21,,,,,,,,,,,,,,,,,,0.74565,0.7465,0.73695,0.7376,0,0.7376,0.7376,0
835,2022-04-22,,,,,,,,,,,,,,,,,,0.7379,0.73805,0.72395,0.7242,0,0,0,0
836,2022-04-25,0.74015,0.74015,0.70595,0.71635,0,0.71635,0.71635,0,0,0,0,0,0,0,0,0,0.03215564412619055,0.72525,0.7255,0.714,0.71715,0,0,0,0
837,2022-04-26,,,,,,,,,,,,,,,,,,0.71875,0.7234,0.7124,0.71505,0,0,0,0
838,2022-04-27,,,,,,,,,,,,,,,,,,0.7129,0.7194,0.71055,0.71245,0,0,0,0
839,2022-04-28,,,,,,,,,,,,,,,,,,0.7129,0.7166,0.70595,0.70995,0,0,0,0
840,2022-04-29,,,,,,,,,,,,,,,,,,0.71035,0.71845,0.7061,0.7087,0,0,0,0
841,2022-05-02,0.72825,0.72825,0.70355,0.7114,0,0,0,0,0,0,0,0,0,0,0,0,0.023137658771026325,0.7071,0.7087,0.70355,0.70415,0,0,0,0
842,2022-05-03,,,,,,,,,,,,,,,,,,0.7057,0.71535,0.70525,0.7099,0,0,0,0
843,2022-05-04,,,,,,,,,,,,,,,,,,0.71005,0.727,0.70925,0.7237,0,0,0,0
844,2022-05-05,,,,,,,,,,,,,,,,,,0.726,0.7271,0.70815,0.7096,0,0,0,0
845,2022-05-06,,,,,,,,,,,,,,,,,,0.7117,0.7139,0.70615,0.70785,0,0,0,0
846,2022-05-09,0.71982,0.71982,0.68315,0.69763,0,0,0,0,0,0,0,0,0,0,0,0,0.030827151232252565,0.7074,0.70745,0.69485,0.6961,0,0,0,0
847,2022-05-10,,,,,,,,,,,,,,,,,,0.69535,0.69895,0.69145,0.69435,0,0,0,0
848,2022-05-11,,,,,,,,,,,,,,,,,,0.69425,0.70575,0.69305,0.6951,0,0,0,0
849,2022-05-12,,,,,,,,,,,,,,,,,,0.6942,0.6956,0.68315,0.68325,0,0,0,0
850,2022-05-13,,,,,,,,,,,,,,,,,,0.68575,0.6944,0.6856,0.6925,0,0,0,0
851,2022-05-16,0.70873,0.70873,0.68745,0.69775,0,0,0,0,0,0,0,0,0,0,0,0,0.015492500670212902,0.69375,0.6985,0.68745,0.698,0,0,0,0
852,2022-05-17,,,,,,,,,,,,,,,,,,0.69725,0.70435,0.69705,0.70165,0,0,0,0
853,2022-05-18,,,,,,,,,,,,,,,,,,0.70315,0.7049,0.6952,0.69675,0,0,0,0
854,2022-05-19,,,,,,,,,,,,,,,,,,0.6957,0.7075,0.6956,0.7065,0,0,0,0
855,2022-05-20,,,,,,,,,,,,,,,,,,0.70505,0.7076,0.70045,0.7022,0,0,0,0
856,2022-05-23,0.70324,0.71685,0.70324,0.71066,0,0,0,0,0.71066,0,0,0.71066,0.71066,0,0,0.71066,-0.01055116318753197,0.7064,0.71295,0.70515,0.71095,0,0,0,0
857,2022-05-24,,,,,,,,,,,,,,,,,,0.71115,0.7115,0.70585,0.7085,0,0,0,0
858,2022-05-25,,,,,,,,,,,,,,,,,,0.71095,0.7121,0.7037,0.70935,0,0,0,0
859,2022-05-26,,,,,,,,,,,,,,,,,,0.70895,0.7111,0.70585,0.70935,0,0,0,0
860,2022-05-27,,,,,,,,,,,,,,,,,,0.70995,0.71685,0.7091,0.7157,0,0,0,0
861,2022-05-31,0.70695,0.7283,0.70695,0.71999,0,0,0,0,0,0,0,0,0,0,0,0,-0.018445434613480517,0.71615,0.72045,0.7151,0.71765,0,0,0,0
862,2022-06-01,,,,,,,,,,,,,,,,,,0.7178,0.7231,0.7156,0.71895,0,0,0,0
863,2022-06-02,,,,,,,,,,,,,,,,,,0.71745,0.72705,0.7141,0.72555,0.72555,0,0,0.72555
864,2022-06-03,,,,,,,,,,,,,,,,,,0.7266,0.7283,0.7202,0.7214,0,0,0,0
865,2022-06-06,0.71347,0.72495,0.70375,0.71385,0.71385,0,0,0.71385,0,0,0,0,0,0,0,0,-0.0005326082386084011,0.7213,0.72325,0.7186,0.71925,0,0,0,0
866,2022-06-07,,,,,,,,,,,,,,,,,,0.71945,0.72495,0.7157,0.7231,0,0,0,0
867,2022-06-08,,,,,,,,,,,,,,,,,,0.7232,0.7235,0.7176,0.7193,0,0,0,0
868,2022-06-09,,,,,,,,,,,,,,,,,,0.71905,0.7198,0.70935,0.7106,0,0,0,0
869,2022-06-10,,,,,,,,,,,,,,,,,,0.7096,0.71385,0.70375,0.7054,0,0,0,0
870,2022-06-13,0.71366,0.71366,0.6855,0.69768,0,0.69768,0.69768,0,0,0.69768,0.69768,0,0,0.69768,0.69768,0,0.022391615054787987,0.7043,0.7045,0.6916,0.6933,0,0,0,0
871,2022-06-14,,,,,,,,,,,,,,,,,,0.69325,0.6975,0.6855,0.6867,0,0,0,0
872,2022-06-15,,,,,,,,,,,,,,,,,,0.68785,0.7028,0.6878,0.69805,0,0.69805,0.69805,0
873,2022-06-16,,,,,,,,,,,,,,,,,,0.7008,0.70725,0.6947,0.7063,0,0,0,0
874,2022-06-17,,,,,,,,,,,,,,,,,,0.70495,0.7055,0.69,0.69365,0,0,0,0
875,2022-06-21,0.70567,0.70567,0.68735,0.69376,0,0,0,0,0,0,0,0,0,0,0,0,0.0168775773378491,0.6936,0.69985,0.6929,0.6979,0,0,0,0
876,2022-06-22,,,,,,,,,,,,,,,,,,0.69755,0.69765,0.6886,0.69355,0,0,0,0
877,2022-06-23,,,,,,,,,,,,,,,,,,0.69305,0.69325,0.68735,0.6894,0,0,0,0
878,2022-06-24,,,,,,,,,,,,,,,,,,0.68995,0.69615,0.6892,0.69425,0,0,0,0
879,2022-06-27,0.69971,0.69971,0.6767,0.68763,0,0,0,0,0,0,0,0,0,0,0,0,0.01726429520801488,0.6947,0.69625,0.69105,0.6927,0,0,0,0
880,2022-06-28,,,,,,,,,,,,,,,,,,0.69295,0.697,0.6909,0.69175,0,0,0,0
881,2022-06-29,,,,,,,,,,,,,,,,,,0.6912,0.6925,0.68665,0.6879,0,0,0,0
882,2022-06-30,,,,,,,,,,,,,,,,,,0.68845,0.6923,0.6857,0.6911,0,0,0,0
883,2022-07-01,,,,,,,,,,,,,,,,,,0.69075,0.6908,0.6767,0.6821,0,0,0,0
884,2022-07-05,0.69367,0.69367,0.67655,0.68348,0,0,0,0,0,0,0,0,0,0,0,0,0.014689982268225571,0.682,0.6899,0.67655,0.6794,0,0,0,0
885,2022-07-06,,,,,,,,,,,,,,,,,,0.68035,0.68305,0.6766,0.67945,0,0,0,0
886,2022-07-07,,,,,,,,,,,,,,,,,,0.6789,0.6853,0.6769,0.6844,0,0,0,0
887,2022-07-08,,,,,,,,,,,,,,,,,,0.6844,0.68795,0.6796,0.68545,0,0,0,0
888,2022-07-11,0.68857,0.68857,0.6686,0.68001,0,0,0,0,0,0,0,0,0,0,0,0,0.01243156106133002,0.686,0.686,0.67185,0.6746,0,0,0,0
889,2022-07-12,,,,,,,,,,,,,,,,,,0.67405,0.67845,0.67155,0.6771,0,0,0,0
890,2022-07-13,,,,,,,,,,,,,,,,,,0.67615,0.6809,0.6731,0.67755,0,0,0,0
891,2022-07-14,,,,,,,,,,,,,,,,,,0.6763,0.6793,0.6686,0.6762,0,0,0,0
892,2022-07-15,,,,,,,,,,,,,,,,,,0.67515,0.68105,0.67235,0.67945,0,0,0,0
893,2022-07-18,0.68429,0.6982,0.6793,0.68719,0,0,0,0,0,0,0,0,0.68719,0,0,0.68719,-0.004237969282029569,0.67955,0.68595,0.6793,0.6818,0,0,0,0
894,2022-07-19,,,,,,,,,,,,,,,,,,0.6817,0.69165,0.6807,0.68995,0,0,0,0
895,2022-07-20,,,,,,,,,,,,,,,,,,0.6904,0.6935,0.68775,0.6889,0,0,0,0
896,2022-07-21,,,,,,,,,,,,,,,,,,0.68915,0.6944,0.6863,0.69065,0,0,0,0
897,2022-07-22,,,,,,,,,,,,,,,,,,0.6937,0.6982,0.68975,0.6917,0,0,0,0
898,2022-07-25,0.68574,0.7036,0.68574,0.69611,0,0,0,0,0.69611,0,0,0.69611,0,0,0,0,-0.015122349578557456,0.6926,0.697,0.68825,0.69575,0,0,0,0
899,2022-07-26,,,,,,,,,,,,,,,,,,0.696,0.69875,0.69255,0.69355,0,0,0,0
900,2022-07-27,,,,,,,,,,,,,,,,,,0.6941,0.70175,0.6916,0.69985,0.69985,0,0,0.69985
901,2022-07-28,,,,,,,,,,,,,,,,,,0.6996,0.70185,0.696,0.6978,0,0,0,0
902,2022-07-29,,,,,,,,,,,,,,,,,,0.69955,0.7036,0.69155,0.7,0,0,0,0
903,2022-08-01,0.69093,0.70515,0.68735,0.69576,0.69576,0,0,0.69576,0,0,0,0,0,0,0,0,-0.006990577916720943,0.69945,0.70515,0.69725,0.7026,0,0,0,0
904,2022-08-02,,,,,,,,,,,,,,,,,,0.70325,0.7037,0.69165,0.6929,0,0,0,0
905,2022-08-03,,,,,,,,,,,,,,,,,,0.69255,0.696,0.6891,0.6951,0,0,0,0
906,2022-08-04,,,,,,,,,,,,,,,,,,0.6952,0.6994,0.6939,0.69855,0,0,0,0
907,2022-08-05,,,,,,,,,,,,,,,,,,0.69695,0.6979,0.68735,0.6911,0,0,0,0
908,2022-08-08,0.69334,0.714,0.6902,0.70219,0,0,0,0,0,0,0,0,0,0,0,0,-0.012764300343265967,0.69145,0.7014,0.6902,0.6984,0,0,0,0
909,2022-08-09,,,,,,,,,,,,,,,,,,0.6989,0.6999,0.6957,0.6959,0,0,0,0
910,2022-08-10,,,,,,,,,,,,,,,,,,0.69675,0.71125,0.69505,0.7089,0,0,0,0
911,2022-08-11,,,,,,,,,,,,,,,,,,0.708,0.714,0.70665,0.71105,0,0,0,0
912,2022-08-12,,,,,,,,,,,,,,,,,,0.711,0.7132,0.7088,0.7131,0,0,0,0
913,2022-08-15,0.69777,0.7128,0.6861,0.69955,0,0,0,0,0,0,0,0,0,0,0,0,-0.002550983848546088,0.7124,0.7128,0.7014,0.70225,0,0,0,0
914,2022-08-16,,,,,,,,,,,,,,,,,,0.70275,0.7043,0.69935,0.70245,0,0,0,0
915,2022-08-17,,,,,,,,,,,,,,,,,,0.7026,0.70295,0.6914,0.69465,0,0,0,0
916,2022-08-18,,,,,,,,,,,,,,,,,,0.69395,0.69725,0.69015,0.692,0,0,0,0
917,2022-08-19,,,,,,,,,,,,,,,,,,0.6917,0.6922,0.6861,0.6869,0,0,0,0
918,2022-08-22,0.69866,0.70105,0.68575,0.69089,0,0,0,0,0,0.69089,0.69089,0,0,0.69089,0.69089,0,0.011121289325279742,0.6875,0.69305,0.6864,0.68725,0,0,0,0
919,2022-08-23,,,,,,,,,,,,,,,,,,0.6878,0.6965,0.68575,0.69205,0,0,0,0
920,2022-08-24,,,,,,,,,,,,,,,,,,0.69315,0.6933,0.68805,0.69055,0,0.69055,0.69055,0
921,2022-08-25,,,,,,,,,,,,,,,,,,0.69115,0.6993,0.6904,0.69795,0,0,0,0
922,2022-08-26,,,,,,,,,,,,,,,,,,0.69815,0.70105,0.68895,0.68925,0,0,0,0
923,2022-08-29,0.69477,0.69575,0.6772,0.68579,0,0.68579,0.68579,0,0,0,0,0,0,0,0,0,0.012925140694042615,0.68865,0.6927,0.6842,0.69015,0,0,0,0
924,2022-08-30,,,,,,,,,,,,,,,,,,0.6903,0.69575,0.68465,0.68565,0,0,0,0
925,2022-08-31,,,,,,,,,,,,,,,,,,0.68555,0.6905,0.68355,0.68475,0,0,0,0
926,2022-09-01,,,,,,,,,,,,,,,,,,0.6843,0.6846,0.6772,0.67825,0,0,0,0
927,2022-09-02,,,,,,,,,,,,,,,,,,0.67865,0.6856,0.67805,0.68155,0,0,0,0
928,2022-09-06,0.69028,0.69028,0.6699,0.68019,0,0,0,0,0,0,0,0,0,0,0,0,0.014617256765370637,0.67895,0.6833,0.6728,0.6732,0,0,0,0
929,2022-09-07,,,,,,,,,,,,,,,,,,0.67355,0.677,0.6699,0.67525,0,0,0,0
930,2022-09-08,,,,,,,,,,,,,,,,,,0.67685,0.67745,0.67125,0.67465,0,0,0,0
931,2022-09-09,,,,,,,,,,,,,,,,,,0.675,0.6878,0.6749,0.6841,0,0,0,0
932,2022-09-12,0.68523,0.69165,0.667,0.67835,0,0,0,0,0,0,0,0,0,0,0,0,0.01004042438305386,0.68405,0.69005,0.6824,0.68805,0,0,0,0
933,2022-09-13,,,,,,,,,,,,,,,,,,0.6887,0.69165,0.67265,0.6735,0,0,0,0
934,2022-09-14,,,,,,,,,,,,,,,,,,0.67345,0.67605,0.67045,0.67395,0,0,0,0
935,2022-09-15,,,,,,,,,,,,,,,,,,0.6748,0.6771,0.66965,0.6703,0,0,0,0
936,2022-09-16,,,,,,,,,,,,,,,,,,0.66975,0.6724,0.667,0.6707,0,0,0,0
937,2022-09-19,0.68179,0.68179,0.65205,0.66316,0,0,0,0,0,0,0,0,0,0,0,0,0.027325129438683517,0.6724,0.67455,0.66835,0.67235,0,0,0,0
938,2022-09-20,,,,,,,,,,,,,,,,,,0.6739,0.6759,0.6688,0.6702,0,0,0,0
939,2022-09-21,,,,,,,,,,,,,,,,,,0.66995,0.6715,0.66305,0.67075,0,0,0,0
940,2022-09-22,,,,,,,,,,,,,,,,,,0.66405,0.66805,0.6583,0.66465,0,0,0,0
941,2022-09-23,,,,,,,,,,,,,,,,,,0.66525,0.6665,0.65205,0.6523,0,0,0,0
942,2022-09-26,0.67248,0.67248,0.63715,0.64671,0,0,0,0,0,0,0,0,0,0,0,0,0.03832084225553171,0.6534,0.65475,0.6447,0.64645,0,0,0,0
943,2022-09-27,,,,,,,,,,,,,,,,,,0.6463,0.65215,0.64225,0.6443,0,0,0,0
944,2022-09-28,,,,,,,,,,,,,,,,,,0.6442,0.65395,0.63715,0.6535,0,0,0,0
945,2022-09-29,,,,,,,,,,,,,,,,,,0.6526,0.65305,0.6443,0.64825,0,0,0,0
946,2022-09-30,,,,,,,,,,,,,,,,,,0.65075,0.6531,0.6399,0.64155,0,0,0,0
947,2022-10-03,0.6596,0.6596,0.6365,0.6428,0,0,0,0,0,0,0,0,0,0,0,0,0.02546998180715574,0.64105,0.65305,0.6408,0.6525,0,0,0,0
948,2022-10-04,,,,,,,,,,,,,,,,,,0.65235,0.6559,0.6459,0.651,0,0,0,0
949,2022-10-05,,,,,,,,,,,,,,,,,,0.6515,0.65375,0.6428,0.6515,0,0,0,0
950,2022-10-06,,,,,,,,,,,,,,,,,,0.6502,0.6552,0.64,0.64175,0,0,0,0
951,2022-10-07,,,,,,,,,,,,,,,,,,0.6422,0.64435,0.6365,0.63775,0,0,0,0
952,2022-10-10,0.6512,0.6512,0.6181,0.62908,0,0,0,0,0,0,0,0,0,0,0,0,0.03396805896805901,0.63785,0.6391,0.62855,0.6306,0,0,0,0
953,2022-10-11,,,,,,,,,,,,,,,,,,0.6308,0.63565,0.6258,0.62775,0,0,0,0
954,2022-10-12,,,,,,,,,,,,,,,,,,0.62845,0.631,0.62465,0.6287,0,0,0,0
955,2022-10-13,,,,,,,,,,,,,,,,,,0.6288,0.63275,0.6181,0.63165,0,0,0,0
956,2022-10-14,,,,,,,,,,,,,,,,,,0.6307,0.6358,0.62045,0.62125,0,0,0,0
957,2022-10-17,0.64014,0.64015,0.62145,0.63013,0,0,0,0,0,0,0,0,0,0,0,0,0.015637204361546028,0.62145,0.6323,0.62145,0.6305,0,0,0,0
958,2022-10-18,,,,,,,,,,,,,,,,,,0.6302,0.63505,0.6276,0.6305,0,0,0,0
959,2022-10-19,,,,,,,,,,,,,,,,,,0.632,0.63355,0.62615,0.62735,0,0,0,0
960,2022-10-20,,,,,,,,,,,,,,,,,,0.6281,0.6366,0.6238,0.62885,0,0,0,0
961,2022-10-21,,,,,,,,,,,,,,,,,,0.62905,0.64015,0.6219,0.63745,0,0,0,0
962,2022-10-24,0.63513,0.65305,0.6281,0.64095,0,0,0,0,0,0,0,0,0.64095,0,0,0.64095,-0.009163478343016465,0.64065,0.642,0.6281,0.6318,0,0,0,0
963,2022-10-25,,,,,,,,,,,,,,,,,,0.6321,0.64215,0.6312,0.63965,0,0,0,0
964,2022-10-26,,,,,,,,,,,,,,,,,,0.6401,0.65205,0.6381,0.6504,0,0,0,0
965,2022-10-27,,,,,,,,,,,,,,,,,,0.6503,0.65305,0.64345,0.6469,0,0,0,0
966,2022-10-28,,,,,,,,,,,,,,,,,,0.64635,0.64885,0.63975,0.642,0,0,0,0
967,2022-10-31,0.63804,0.6503,0.62805,0.64216,0,0,0,0,0.64216,0,0,0.64216,0,0,0,0,-0.006457275405930508,0.6418,0.64365,0.63765,0.6401,0,0,0,0
968,2022-11-01,,,,,,,,,,,,,,,,,,0.64055,0.64735,0.63865,0.6408,0,0,0,0
969,2022-11-02,,,,,,,,,,,,,,,,,,0.6404,0.6503,0.6357,0.6427,0,0,0,0
970,2022-11-03,,,,,,,,,,,,,,,,,,0.63625,0.63805,0.62805,0.6307,0,0,0,0
971,2022-11-04,,,,,,,,,,,,,,,,,,0.62975,0.6492,0.6294,0.6485,0,0,0,0
972,2022-11-07,0.6401,0.6724,0.6394,0.65675,0.65675,0,0,0.65675,0,0,0,0,0,0,0,0,-0.02601156069364153,0.643,0.6499,0.6415,0.6485,0.6485,0,0,0.6485
973,2022-11-08,,,,,,,,,,,,,,,,,,0.64835,0.65605,0.64525,0.6507,0,0,0,0
974,2022-11-09,,,,,,,,,,,,,,,,,,0.6513,0.65295,0.6422,0.64305,0,0,0,0
975,2022-11-10,,,,,,,,,,,,,,,,,,0.6438,0.66395,0.6394,0.65995,0,0,0,0
976,2022-11-11,,,,,,,,,,,,,,,,,,0.6609,0.6724,0.65855,0.6722,0,0,0,0
977,2022-11-14,0.64843,0.68045,0.64843,0.67036,0,0,0,0,0,0,0,0,0,0,0,0,-0.03382015020896628,0.6689,0.67305,0.66705,0.6727,0,0,0,0
978,2022-11-15,,,,,,,,,,,,,,,,,,0.67075,0.68045,0.66925,0.6779,0,0,0,0
979,2022-11-16,,,,,,,,,,,,,,,,,,0.6764,0.67995,0.6727,0.67475,0,0,0,0
980,2022-11-17,,,,,,,,,,,,,,,,,,0.67445,0.67575,0.664,0.6691,0,0,0,0
981,2022-11-18,,,,,,,,,,,,,,,,,,0.6693,0.6736,0.66665,0.6681,0,0,0,0
982,2022-11-21,0.65939,0.67855,0.65905,0.67006,0,0,0,0,0,0,0,0,0,0,0,0,-0.016181622408589693,0.66785,0.6689,0.65905,0.6604,0,0,0,0
983,2022-11-22,,,,,,,,,,,,,,,,,,0.6612,0.66565,0.6608,0.66485,0,0,0,0
984,2022-11-23,,,,,,,,,,,,,,,,,,0.66495,0.67445,0.66395,0.67385,0,0,0,0
985,2022-11-25,,,,,,,,,,,,,,,,,,0.67355,0.67855,0.67245,0.6748,0,0,0,0
986,2022-11-28,0.66473,0.6858,0.66445,0.676,0,0,0,0,0,0,0,0,0,0,0,0,-0.01695425210235735,0.6725,0.67295,0.6646,0.66505,0,0,0,0
987,2022-11-29,,,,,,,,,,,,,,,,,,0.66555,0.67535,0.66445,0.6691,0,0,0,0
988,2022-11-30,,,,,,,,,,,,,,,,,,0.6688,0.68055,0.66745,0.6794,0,0,0,0
989,2022-12-01,,,,,,,,,,,,,,,,,,0.67935,0.6858,0.67865,0.6822,0,0,0,0
990,2022-12-02,,,,,,,,,,,,,,,,,,0.6813,0.68395,0.6745,0.68125,0,0,0,0
991,2022-12-05,0.67036,0.6855,0.6671,0.6781,0,0,0,0,0,0,0,0,0,0,0,0,-0.011546034966286891,0.6793,0.6855,0.669,0.66995,0,0,0,0
992,2022-12-06,,,,,,,,,,,,,,,,,,0.67035,0.67475,0.6684,0.669,0,0,0,0
993,2022-12-07,,,,,,,,,,,,,,,,,,0.66915,0.6745,0.6671,0.67335,0,0,0,0
994,2022-12-08,,,,,,,,,,,,,,,,,,0.67245,0.6783,0.67005,0.6773,0,0,0,0
995,2022-12-09,,,,,,,,,,,,,,,,,,0.6773,0.68155,0.6745,0.6805,0,0,0,0
996,2022-12-12,0.67423,0.68955,0.6676,0.67659,0,0,0,0,0,0,0,0,0,0.67659,0.67659,0,-0.003500289218812614,0.6798,0.68,0.6731,0.67435,0,0,0,0
997,2022-12-13,,,,,,,,,,,,,,,,,,0.67485,0.68955,0.6723,0.68595,0,0,0,0
998,2022-12-14,,,,,,,,,,,,,,,,,,0.6857,0.68835,0.68115,0.685,0,0,0,0
999,2022-12-15,,,,,,,,,,,,,,,,,,0.68605,0.68705,0.66775,0.67035,0,0,0,0
1000,2022-12-16,,,,,,,,,,,,,,,,,,0.6705,0.6736,0.6676,0.6694,0,0,0,0
1001,2022-12-19,0.67541,0.67875,0.665,0.67221,0,0,0,0,0,0.67221,0.67221,0,0,0,0,0,0.004737862927703144,0.67195,0.67555,0.6705,0.6717,0,0,0,0
1002,2022-12-20,,,,,,,,,,,,,,,,,,0.6722,0.6766,0.665,0.67,0,0,0,0
1003,2022-12-21,,,,,,,,,,,,,,,,,,0.6711,0.675,0.66785,0.67255,0,0,0,0
1004,2022-12-22,,,,,,,,,,,,,,,,,,0.6726,0.67875,0.6669,0.6678,0,0,0,0
1005,2022-12-23,,,,,,,,,,,,,,,,,,0.66905,0.67455,0.66805,0.67315,0,0,0,0
1006,2022-12-27,0.67381,0.68405,0.6729,0.67846,0,0,0,0,0.67846,0,0,0.67846,0,0,0,0,-0.006901055193600469,0.67405,0.67965,0.67405,0.67545,0,0,0,0
1007,2022-12-28,,,,,,,,,,,,,,,,,,0.67535,0.68215,0.67395,0.67635,0,0,0,0
1008,2022-12-29,,,,,,,,,,,,,,,,,,0.6758,0.68065,0.6729,0.68055,0,0,0,0
1009,2022-12-30,,,,,,,,,,,,,,,,,,0.679,0.68405,0.67725,0.68285,0,0,0,0
1010,2023-01-03,0.67614,0.6906,0.6706,0.68322,0,0,0,0,0,0,0,0,0,0,0,0,-0.010471204188481803,0.6817,0.6854,0.6706,0.6754,0,0,0,0
1011,2023-01-04,,,,,,,,,,,,,,,,,,0.67485,0.6906,0.6735,0.68585,0,0,0,0
1012,2023-01-05,,,,,,,,,,,,,,,,,,0.6854,0.68635,0.67525,0.67755,0,0,0,0
1013,2023-01-06,,,,,,,,,,,,,,,,,,0.67705,0.69045,0.6732,0.69,0,0,0,0
1014,2023-01-09,0.67968,0.701,0.67968,0.69426,0,0,0,0,0,0,0,0,0.69426,0,0,0.69426,-0.021451271186440735,0.68935,0.69675,0.6892,0.6952,0,0,0,0
1015,2023-01-10,,,,,,,,,,,,,,,,,,0.693,0.69445,0.6876,0.6911,0,0,0,0
1016,2023-01-11,,,,,,,,,,,,,,,,,,0.69135,0.69425,0.68895,0.69285,0,0,0,0
1017,2023-01-12,,,,,,,,,,,,,,,,,,0.6921,0.70005,0.6874,0.6988,0,0,0,0
1018,2023-01-13,,,,,,,,,,,,,,,,,,0.69815,0.701,0.6931,0.6993,0,0,0,0
1019,2023-01-17,0.68697,0.70785,0.68697,0.69845,0,0,0,0,0,0,0,0,0,0,0,0,-0.016711064529746637,0.69895,0.70345,0.69455,0.7004,0,0,0,0
1020,2023-01-18,,,,,,,,,,,,,,,,,,0.70035,0.70785,0.695,0.69595,0,0,0,0
1021,2023-01-19,,,,,,,,,,,,,,,,,,0.6956,0.6962,0.6886,0.6932,0,0,0,0
1022,2023-01-20,,,,,,,,,,,,,,,,,,0.6925,0.69875,0.69205,0.6984,0,0,0,0
1023,2023-01-23,0.69271,0.7155,0.69271,0.70599,0,0,0,0,0,0,0,0,0,0,0,0,-0.01917108169363797,0.69855,0.70535,0.69755,0.70335,0,0,0,0
1024,2023-01-24,,,,,,,,,,,,,,,,,,0.7042,0.70715,0.70065,0.70635,0,0,0,0
1025,2023-01-25,,,,,,,,,,,,,,,,,,0.70585,0.7135,0.7045,0.71155,0,0,0,0
1026,2023-01-26,,,,,,,,,,,,,,,,,,0.71175,0.7155,0.70915,0.71255,0,0,0,0
1027,2023-01-27,,,,,,,,,,,,,,,,,,0.71275,0.71415,0.7095,0.71235,0,0,0,0
1028,2023-01-30,0.69935,0.71685,0.69285,0.70365,0,0,0,0,0,0,0,0,0,0,0,0,-0.00614856652605987,0.7113,0.71325,0.70635,0.70695,0,0,0,0
1029,2023-01-31,,,,,,,,,,,,,,,,,,0.7069,0.70765,0.69955,0.70645,0,0,0,0
1030,2023-02-01,,,,,,,,,,,,,,,,,,0.7062,0.7156,0.7048,0.7134,0,0,0,0
1031,2023-02-02,,,,,,,,,,,,,,,,,,0.71415,0.71685,0.7079,0.7083,0,0,0,0
1032,2023-02-03,,,,,,,,,,,,,,,,,,0.70835,0.70895,0.69285,0.6936,0,0,0,0
1033,2023-02-06,0.7015,0.7019,0.68645,0.69322,0,0,0,0,0,0.69322,0.69322,0,0,0.69322,0.69322,0,0.011803278688524682,0.69245,0.69575,0.68645,0.6889,0,0,0,0
1034,2023-02-07,,,,,,,,,,,,,,,,,,0.68925,0.69985,0.68915,0.69505,0,0,0,0
1035,2023-02-08,,,,,,,,,,,,,,,,,,0.69725,0.70045,0.6927,0.69335,0,0,0,0
1036,2023-02-09,,,,,,,,,,,,,,,,,,0.6934,0.7019,0.69295,0.69475,0,0,0,0
1037,2023-02-10,,,,,,,,,,,,,,,,,,0.69465,0.6968,0.6916,0.6921,0,0,0,0
1038,2023-02-13,0.69736,0.70375,0.6817,0.69158,0,0,0,0,0,0,0,0,0,0,0,0,0.008288401973155913,0.6924,0.69805,0.68975,0.697,0,0,0,0
1039,2023-02-14,,,,,,,,,,,,,,,,,,0.69705,0.70375,0.6928,0.6996,0,0.6996,0.6996,0
1040,2023-02-15,,,,,,,,,,,,,,,,,,0.69925,0.6995,0.68705,0.6907,0,0,0,0
1041,2023-02-16,,,,,,,,,,,,,,,,,,0.69095,0.6942,0.68455,0.69025,0,0,0,0
1042,2023-02-17,,,,,,,,,,,,,,,,,,0.688,0.68895,0.6817,0.68845,0,0,0,0
1043,2023-02-21,0.69447,0.69447,0.67215,0.68137,0,0.68137,0.68137,0,0,0,0,0,0,0,0,0,0.018863305830345442,0.68785,0.6926,0.6852,0.68585,0,0,0,0
